 Set environment variables
 Unpack LHAPDF
LHAPDF-6.5.5/
LHAPDF-6.5.5/bin/
LHAPDF-6.5.5/bin/lhapdf
LHAPDF-6.5.5/bin/Makefile.am
LHAPDF-6.5.5/bin/lhapdf-config.in
LHAPDF-6.5.5/bin/Makefile.in
LHAPDF-6.5.5/COPYING
LHAPDF-6.5.5/TODO
LHAPDF-6.5.5/config/
LHAPDF-6.5.5/config/ltmain.sh
LHAPDF-6.5.5/config/compile
LHAPDF-6.5.5/config/test-driver
LHAPDF-6.5.5/config/config.sub
LHAPDF-6.5.5/config/depcomp
LHAPDF-6.5.5/config/config.guess
LHAPDF-6.5.5/config/missing
LHAPDF-6.5.5/config/install-sh
LHAPDF-6.5.5/config/config.h.in
LHAPDF-6.5.5/README
LHAPDF-6.5.5/mkindex
LHAPDF-6.5.5/CONFIGFLAGS
LHAPDF-6.5.5/Makefile.am
LHAPDF-6.5.5/wrappers/
LHAPDF-6.5.5/wrappers/Makefile.am
LHAPDF-6.5.5/wrappers/Makefile.in
LHAPDF-6.5.5/wrappers/python/
LHAPDF-6.5.5/wrappers/python/Makefile.am
LHAPDF-6.5.5/wrappers/python/lhapdf.pyx
LHAPDF-6.5.5/wrappers/python/__init__.py
LHAPDF-6.5.5/wrappers/python/clhapdf.pxd
LHAPDF-6.5.5/wrappers/python/build.py.in
LHAPDF-6.5.5/wrappers/python/Makefile.in
LHAPDF-6.5.5/wrappers/python/lhapdf.cpp
LHAPDF-6.5.5/configure.ac
LHAPDF-6.5.5/plotpdfs
LHAPDF-6.5.5/CODINGSTYLE
LHAPDF-6.5.5/DESIGN
LHAPDF-6.5.5/examples/
LHAPDF-6.5.5/examples/testpdfunc.py
LHAPDF-6.5.5/examples/Makefile.am
LHAPDF-6.5.5/examples/fexample2.f90
LHAPDF-6.5.5/examples/testpdfunc.cc
LHAPDF-6.5.5/examples/hessian2replicas.cc
LHAPDF-6.5.5/examples/reweight.cc
LHAPDF-6.5.5/examples/compatibility.cc
LHAPDF-6.5.5/examples/Makefile.in
LHAPDF-6.5.5/examples/analyticpdf.cc
LHAPDF-6.5.5/examples/testpdf.cc
LHAPDF-6.5.5/examples/testpdfset.cc
LHAPDF-6.5.5/examples/pythonexample.py
LHAPDF-6.5.5/examples/fexample1.f90
LHAPDF-6.5.5/tests/
LHAPDF-6.5.5/tests/Makefile.am
LHAPDF-6.5.5/tests/testindex.cc
LHAPDF-6.5.5/tests/testsetperf.cc
LHAPDF-6.5.5/tests/testinfo.cc
LHAPDF-6.5.5/tests/testpaths.cc
LHAPDF-6.5.5/tests/testperf.cc
LHAPDF-6.5.5/tests/Makefile.in
LHAPDF-6.5.5/tests/testalphas.cc
LHAPDF-6.5.5/tests/testnsetperf.cc
LHAPDF-6.5.5/tests/testgrid.cc
LHAPDF-6.5.5/src/
LHAPDF-6.5.5/src/AlphaS_Analytic.cc
LHAPDF-6.5.5/src/BilinearInterpolator.cc
LHAPDF-6.5.5/src/Utils.cc
LHAPDF-6.5.5/src/BicubicInterpolator.cc
LHAPDF-6.5.5/src/AlphaS_Ipol.cc
LHAPDF-6.5.5/src/Makefile.am
LHAPDF-6.5.5/src/Info.cc
LHAPDF-6.5.5/src/PDFInfo.cc
LHAPDF-6.5.5/src/PDF.cc
LHAPDF-6.5.5/src/Factories.cc
LHAPDF-6.5.5/src/LogBilinearInterpolator.cc
LHAPDF-6.5.5/src/Interpolator.cc
LHAPDF-6.5.5/src/ContinuationExtrapolator.cc
LHAPDF-6.5.5/src/AlphaS_ODE.cc
LHAPDF-6.5.5/src/PDFIndex.cc
LHAPDF-6.5.5/src/Paths.cc
LHAPDF-6.5.5/src/KnotArray.cc
LHAPDF-6.5.5/src/Makefile.in
LHAPDF-6.5.5/src/FileIO.cc
LHAPDF-6.5.5/src/AlphaS.cc
LHAPDF-6.5.5/src/LogBicubicInterpolator.cc
LHAPDF-6.5.5/src/GridPDF.cc
LHAPDF-6.5.5/src/yamlcpp/
LHAPDF-6.5.5/src/yamlcpp/token.h
LHAPDF-6.5.5/src/yamlcpp/parser.cpp
LHAPDF-6.5.5/src/yamlcpp/tag.h
LHAPDF-6.5.5/src/yamlcpp/exp.cpp
LHAPDF-6.5.5/src/yamlcpp/emitterstate.cpp
LHAPDF-6.5.5/src/yamlcpp/stream.h
LHAPDF-6.5.5/src/yamlcpp/stringsource.h
LHAPDF-6.5.5/src/yamlcpp/ostream_wrapper.cpp
LHAPDF-6.5.5/src/yamlcpp/Makefile.am
LHAPDF-6.5.5/src/yamlcpp/stream.cpp
LHAPDF-6.5.5/src/yamlcpp/node_data.cpp
LHAPDF-6.5.5/src/yamlcpp/directives.h
LHAPDF-6.5.5/src/yamlcpp/collectionstack.h
LHAPDF-6.5.5/src/yamlcpp/emitterstate.h
LHAPDF-6.5.5/src/yamlcpp/scantag.h
LHAPDF-6.5.5/src/yamlcpp/emitfromevents.cpp
LHAPDF-6.5.5/src/yamlcpp/scanner.cpp
LHAPDF-6.5.5/src/yamlcpp/indentation.h
LHAPDF-6.5.5/src/yamlcpp/depthguard.cpp
LHAPDF-6.5.5/src/yamlcpp/node.cpp
LHAPDF-6.5.5/src/yamlcpp/scanscalar.cpp
LHAPDF-6.5.5/src/yamlcpp/binary.cpp
LHAPDF-6.5.5/src/yamlcpp/regex_yaml.cpp
LHAPDF-6.5.5/src/yamlcpp/scanscalar.h
LHAPDF-6.5.5/src/yamlcpp/memory.cpp
LHAPDF-6.5.5/src/yamlcpp/emitterutils.cpp
LHAPDF-6.5.5/src/yamlcpp/streamcharsource.h
LHAPDF-6.5.5/src/yamlcpp/exceptions.cpp
LHAPDF-6.5.5/src/yamlcpp/regex_yaml.h
LHAPDF-6.5.5/src/yamlcpp/emit.cpp
LHAPDF-6.5.5/src/yamlcpp/convert.cpp
LHAPDF-6.5.5/src/yamlcpp/singledocparser.h
LHAPDF-6.5.5/src/yamlcpp/tag.cpp
LHAPDF-6.5.5/src/yamlcpp/scantoken.cpp
LHAPDF-6.5.5/src/yamlcpp/emitterutils.h
LHAPDF-6.5.5/src/yamlcpp/Makefile.in
LHAPDF-6.5.5/src/yamlcpp/ptr_vector.h
LHAPDF-6.5.5/src/yamlcpp/yaml-cpp/
LHAPDF-6.5.5/src/yamlcpp/yaml-cpp/eventhandler.h
LHAPDF-6.5.5/src/yamlcpp/yaml-cpp/mark.h
LHAPDF-6.5.5/src/yamlcpp/yaml-cpp/exceptions.h
LHAPDF-6.5.5/src/yamlcpp/yaml-cpp/emitter.h
LHAPDF-6.5.5/src/yamlcpp/yaml-cpp/dll.h
LHAPDF-6.5.5/src/yamlcpp/yaml-cpp/stlemitter.h
LHAPDF-6.5.5/src/yamlcpp/yaml-cpp/emitterdef.h
LHAPDF-6.5.5/src/yamlcpp/yaml-cpp/contrib/
LHAPDF-6.5.5/src/yamlcpp/yaml-cpp/contrib/anchordict.h
LHAPDF-6.5.5/src/yamlcpp/yaml-cpp/contrib/graphbuilder.h
LHAPDF-6.5.5/src/yamlcpp/yaml-cpp/yaml.h
LHAPDF-6.5.5/src/yamlcpp/yaml-cpp/binary.h
LHAPDF-6.5.5/src/yamlcpp/yaml-cpp/emittermanip.h
LHAPDF-6.5.5/src/yamlcpp/yaml-cpp/null.h
LHAPDF-6.5.5/src/yamlcpp/yaml-cpp/node/
LHAPDF-6.5.5/src/yamlcpp/yaml-cpp/node/impl.h
LHAPDF-6.5.5/src/yamlcpp/yaml-cpp/node/node.h
LHAPDF-6.5.5/src/yamlcpp/yaml-cpp/node/detail/
LHAPDF-6.5.5/src/yamlcpp/yaml-cpp/node/detail/impl.h
LHAPDF-6.5.5/src/yamlcpp/yaml-cpp/node/detail/node.h
LHAPDF-6.5.5/src/yamlcpp/yaml-cpp/node/detail/bool_type.h
LHAPDF-6.5.5/src/yamlcpp/yaml-cpp/node/detail/node_ref.h
LHAPDF-6.5.5/src/yamlcpp/yaml-cpp/node/detail/iterator_fwd.h
LHAPDF-6.5.5/src/yamlcpp/yaml-cpp/node/detail/node_iterator.h
LHAPDF-6.5.5/src/yamlcpp/yaml-cpp/node/detail/memory.h
LHAPDF-6.5.5/src/yamlcpp/yaml-cpp/node/detail/node_data.h
LHAPDF-6.5.5/src/yamlcpp/yaml-cpp/node/detail/iterator.h
LHAPDF-6.5.5/src/yamlcpp/yaml-cpp/node/ptr.h
LHAPDF-6.5.5/src/yamlcpp/yaml-cpp/node/convert.h
LHAPDF-6.5.5/src/yamlcpp/yaml-cpp/node/parse.h
LHAPDF-6.5.5/src/yamlcpp/yaml-cpp/node/type.h
LHAPDF-6.5.5/src/yamlcpp/yaml-cpp/node/iterator.h
LHAPDF-6.5.5/src/yamlcpp/yaml-cpp/node/emit.h
LHAPDF-6.5.5/src/yamlcpp/yaml-cpp/noncopyable.h
LHAPDF-6.5.5/src/yamlcpp/yaml-cpp/emitfromevents.h
LHAPDF-6.5.5/src/yamlcpp/yaml-cpp/emitterstyle.h
LHAPDF-6.5.5/src/yamlcpp/yaml-cpp/traits.h
LHAPDF-6.5.5/src/yamlcpp/yaml-cpp/parser.h
LHAPDF-6.5.5/src/yamlcpp/yaml-cpp/anchor.h
LHAPDF-6.5.5/src/yamlcpp/yaml-cpp/depthguard.h
LHAPDF-6.5.5/src/yamlcpp/yaml-cpp/ostream_wrapper.h
LHAPDF-6.5.5/src/yamlcpp/yaml-cpp/noexcept.h
LHAPDF-6.5.5/src/yamlcpp/exp.h
LHAPDF-6.5.5/src/yamlcpp/nodeevents.cpp
LHAPDF-6.5.5/src/yamlcpp/nodebuilder.cpp
LHAPDF-6.5.5/src/yamlcpp/setting.h
LHAPDF-6.5.5/src/yamlcpp/parse.cpp
LHAPDF-6.5.5/src/yamlcpp/emitter.cpp
LHAPDF-6.5.5/src/yamlcpp/null.cpp
LHAPDF-6.5.5/src/yamlcpp/regeximpl.h
LHAPDF-6.5.5/src/yamlcpp/nodebuilder.h
LHAPDF-6.5.5/src/yamlcpp/singledocparser.cpp
LHAPDF-6.5.5/src/yamlcpp/scantag.cpp
LHAPDF-6.5.5/src/yamlcpp/directives.cpp
LHAPDF-6.5.5/src/yamlcpp/scanner.h
LHAPDF-6.5.5/src/yamlcpp/nodeevents.h
LHAPDF-6.5.5/src/yamlcpp/simplekey.cpp
LHAPDF-6.5.5/src/ErrExtrapolator.cc
LHAPDF-6.5.5/src/LHAGlue.cc
LHAPDF-6.5.5/src/Config.cc
LHAPDF-6.5.5/src/PDFSet.cc
LHAPDF-6.5.5/src/NearestPointExtrapolator.cc
LHAPDF-6.5.5/NEWS
LHAPDF-6.5.5/include/
LHAPDF-6.5.5/include/Makefile.am
LHAPDF-6.5.5/include/Makefile.in
LHAPDF-6.5.5/include/LHAPDF/
LHAPDF-6.5.5/include/LHAPDF/Extrapolator.h
LHAPDF-6.5.5/include/LHAPDF/BilinearInterpolator.h
LHAPDF-6.5.5/include/LHAPDF/GridPDF.h
LHAPDF-6.5.5/include/LHAPDF/Version.h
LHAPDF-6.5.5/include/LHAPDF/Makefile.am
LHAPDF-6.5.5/include/LHAPDF/NearestPointExtrapolator.h
LHAPDF-6.5.5/include/LHAPDF/LHAPDF.h
LHAPDF-6.5.5/include/LHAPDF/Info.h
LHAPDF-6.5.5/include/LHAPDF/PDFInfo.h
LHAPDF-6.5.5/include/LHAPDF/FileIO.h
LHAPDF-6.5.5/include/LHAPDF/PDFIndex.h
LHAPDF-6.5.5/include/LHAPDF/LogBilinearInterpolator.h
LHAPDF-6.5.5/include/LHAPDF/Utils.h
LHAPDF-6.5.5/include/LHAPDF/Reweighting.h
LHAPDF-6.5.5/include/LHAPDF/Interpolator.h
LHAPDF-6.5.5/include/LHAPDF/Config.h
LHAPDF-6.5.5/include/LHAPDF/KnotArray.h
LHAPDF-6.5.5/include/LHAPDF/LHAGlue.h
LHAPDF-6.5.5/include/LHAPDF/ErrExtrapolator.h
LHAPDF-6.5.5/include/LHAPDF/PDFSet.h
LHAPDF-6.5.5/include/LHAPDF/Makefile.in
LHAPDF-6.5.5/include/LHAPDF/Paths.h
LHAPDF-6.5.5/include/LHAPDF/LogBicubicInterpolator.h
LHAPDF-6.5.5/include/LHAPDF/Factories.h
LHAPDF-6.5.5/include/LHAPDF/PDF.h
LHAPDF-6.5.5/include/LHAPDF/ContinuationExtrapolator.h
LHAPDF-6.5.5/include/LHAPDF/BicubicInterpolator.h
LHAPDF-6.5.5/include/LHAPDF/Exceptions.h
LHAPDF-6.5.5/include/LHAPDF/AlphaS.h
LHAPDF-6.5.5/include/LHAPDF/Version.h.in
LHAPDF-6.5.5/ChangeLog
LHAPDF-6.5.5/DATARELEASE
LHAPDF-6.5.5/configure
LHAPDF-6.5.5/lhapdfenv.sh.in
LHAPDF-6.5.5/pdfsets.index
LHAPDF-6.5.5/lhapdf.pc.in
LHAPDF-6.5.5/Makefile.in
LHAPDF-6.5.5/INSTALL
LHAPDF-6.5.5/testpdfs
LHAPDF-6.5.5/testlhapdf
LHAPDF-6.5.5/m4/
LHAPDF-6.5.5/m4/cython.m4
LHAPDF-6.5.5/m4/ax_python_devel.m4
LHAPDF-6.5.5/m4/ax_cxx_compile_stdcxx.m4
LHAPDF-6.5.5/m4/ltoptions.m4
LHAPDF-6.5.5/m4/lt~obsolete.m4
LHAPDF-6.5.5/m4/ltversion.m4
LHAPDF-6.5.5/m4/osx.m4
LHAPDF-6.5.5/m4/ax_prog_cxx_mpi.m4
LHAPDF-6.5.5/m4/ltsugar.m4
LHAPDF-6.5.5/m4/libtool.m4
LHAPDF-6.5.5/m4/compilerflags.m4
LHAPDF-6.5.5/doc/
LHAPDF-6.5.5/doc/mkpdflist
LHAPDF-6.5.5/doc/Doxyfile.in
LHAPDF-6.5.5/doc/Makefile.am
LHAPDF-6.5.5/doc/Makefile.in
LHAPDF-6.5.5/doc/pdfsets.dox
LHAPDF-6.5.5/aclocal.m4
LHAPDF-6.5.5/AUTHORS
LHAPDF-6.5.5/lhapdf.pc
LHAPDF-6.5.5/lhapdf.conf
running on Linux
 Enter LHAPDF6 directory
 Configure LHAPDF: -O2 -std=c++11  for PYTHON 3.10
/home/karna/Descargas/madgraph/MG5_aMC_v2_9_27/HEPTools/HEPToolsInstallers/installLHAPDF6.sh: línea 61: //: Es un directorio
/home/karna/Descargas/madgraph/MG5_aMC_v2_9_27/HEPTools/HEPToolsInstallers/installLHAPDF6.sh: línea 62: //: Es un directorio
module= cython
Traceback (most recent call last):
  File "<string>", line 1, in <module>
ModuleNotFoundError: No module named 'cython'
use pip to install: pip install cython  --target=/home/karna/Descargas/madgraph/MG5_aMC_v2_9_27/HEPTools/lhapdf6_py3//python3.10
Collecting cython
  Downloading cython-3.2.8-cp310-cp310-manylinux2014_x86_64.manylinux_2_17_x86_64.manylinux_2_28_x86_64.whl.metadata (4.2 kB)
Downloading cython-3.2.8-cp310-cp310-manylinux2014_x86_64.manylinux_2_17_x86_64.manylinux_2_28_x86_64.whl (3.5 MB)
   ━━━━━━━━━━━━━━━━━━━━━━━━━━━━━━━━━━━━━━━━ 3.5/3.5 MB 7.5 MB/s  0:00:00
Installing collected packages: cython
Successfully installed cython-3.2.8
checking for a BSD-compatible install... /usr/bin/install -c
checking whether sleep supports fractional seconds... yes
checking filesystem timestamp resolution... 0.01
checking whether build environment is sane... yes
checking for a race-free mkdir -p... /usr/bin/mkdir -p
checking for gawk... no
checking for mawk... mawk
checking whether make sets $(MAKE)... yes
checking whether make supports nested variables... yes
checking xargs -n works... yes
checking for x86_64-conda-linux-gnu-sw_vers... no
checking for sw_vers... no
checking for x86_64-conda-linux-gnu-sw_vers... no
checking for sw_vers... no
checking whether make supports the include directive... yes (GNU style)
checking whether to compile using MPI... no
checking whether the C++ compiler works... yes
checking for C++ compiler default output file name... a.out
checking for suffix of executables... 
checking whether we are cross compiling... no
checking for suffix of object files... o
checking whether the compiler supports GNU C++... yes
checking whether g++ accepts -g... yes
checking for g++ option to enable C++11 features... none needed
checking dependency style of g++... gcc3
checking whether g++ supports C++11 features by default... yes
checking for x86_64-conda-linux-gnu-gcc... /home/karna/anaconda3/envs/MG5/bin/x86_64-conda-linux-gnu-cc
checking whether the compiler supports GNU C... yes
checking whether /home/karna/anaconda3/envs/MG5/bin/x86_64-conda-linux-gnu-cc accepts -g... yes
checking for /home/karna/anaconda3/envs/MG5/bin/x86_64-conda-linux-gnu-cc option to enable C11 features... none needed
checking whether /home/karna/anaconda3/envs/MG5/bin/x86_64-conda-linux-gnu-cc understands -c and -o together... yes
checking dependency style of /home/karna/anaconda3/envs/MG5/bin/x86_64-conda-linux-gnu-cc... gcc3
checking whether ln -s works... yes
checking build system type... x86_64-conda-linux-gnu
checking host system type... x86_64-conda-linux-gnu
checking how to print strings... printf
checking for a sed that does not truncate output... /usr/bin/sed
checking for grep that handles long lines and -e... /usr/bin/grep
checking for egrep... /usr/bin/grep -E
checking for fgrep... /usr/bin/grep -F
checking for ld used by /home/karna/anaconda3/envs/MG5/bin/x86_64-conda-linux-gnu-cc... x86_64-conda-linux-gnu-ld
checking if the linker (x86_64-conda-linux-gnu-ld) is GNU ld... yes
checking for BSD- or MS-compatible name lister (nm)... x86_64-conda-linux-gnu-nm
checking the name lister (x86_64-conda-linux-gnu-nm) interface... BSD nm
checking the maximum length of command line arguments... 1572864
checking how to convert x86_64-conda-linux-gnu file names to x86_64-conda-linux-gnu format... func_convert_file_noop
checking how to convert x86_64-conda-linux-gnu file names to toolchain format... func_convert_file_noop
checking for x86_64-conda-linux-gnu-ld option to reload object files... -r
checking for file... file
checking for x86_64-conda-linux-gnu-objdump... x86_64-conda-linux-gnu-objdump
checking how to recognize dependent libraries... pass_all
checking for x86_64-conda-linux-gnu-dlltool... no
checking for dlltool... no
checking how to associate runtime and link libraries... printf %s\n
checking for x86_64-conda-linux-gnu-ar... x86_64-conda-linux-gnu-ar
checking for archiver @FILE support... @
checking for x86_64-conda-linux-gnu-strip... x86_64-conda-linux-gnu-strip
checking for x86_64-conda-linux-gnu-ranlib... x86_64-conda-linux-gnu-ranlib
checking command to parse x86_64-conda-linux-gnu-nm output from /home/karna/anaconda3/envs/MG5/bin/x86_64-conda-linux-gnu-cc object... ok
checking for sysroot... no
checking for a working dd... /usr/bin/dd
checking how to truncate binary pipes... /usr/bin/dd bs=4096 count=1
checking for x86_64-conda-linux-gnu-mt... no
checking for mt... mt
checking if mt is a manifest tool... no
checking for stdio.h... yes
checking for stdlib.h... yes
checking for string.h... yes
checking for inttypes.h... yes
checking for stdint.h... yes
checking for strings.h... yes
checking for sys/stat.h... yes
checking for sys/types.h... yes
checking for unistd.h... yes
checking for dlfcn.h... yes
checking for objdir... .libs
checking if /home/karna/anaconda3/envs/MG5/bin/x86_64-conda-linux-gnu-cc supports -fno-rtti -fno-exceptions... no
checking for /home/karna/anaconda3/envs/MG5/bin/x86_64-conda-linux-gnu-cc option to produce PIC... -fPIC -DPIC
checking if /home/karna/anaconda3/envs/MG5/bin/x86_64-conda-linux-gnu-cc PIC flag -fPIC -DPIC works... yes
checking if /home/karna/anaconda3/envs/MG5/bin/x86_64-conda-linux-gnu-cc static flag -static works... yes
checking if /home/karna/anaconda3/envs/MG5/bin/x86_64-conda-linux-gnu-cc supports -c -o file.o... yes
checking if /home/karna/anaconda3/envs/MG5/bin/x86_64-conda-linux-gnu-cc supports -c -o file.o... (cached) yes
checking whether the /home/karna/anaconda3/envs/MG5/bin/x86_64-conda-linux-gnu-cc linker (x86_64-conda-linux-gnu-ld -m elf_x86_64) supports shared libraries... yes
checking whether -lc should be explicitly linked in... no
checking dynamic linker characteristics... GNU/Linux ld.so
checking how to hardcode library paths into programs... immediate
checking whether stripping libraries is possible... yes
checking if libtool supports shared libraries... yes
checking whether to build shared libraries... yes
checking whether to build static libraries... yes
checking how to run the C++ preprocessor... g++ -E
checking for ld used by g++... x86_64-conda-linux-gnu-ld -m elf_x86_64
checking if the linker (x86_64-conda-linux-gnu-ld -m elf_x86_64) is GNU ld... yes
checking whether the g++ linker (x86_64-conda-linux-gnu-ld -m elf_x86_64) supports shared libraries... yes
checking for g++ option to produce PIC... -fPIC -DPIC
checking if g++ PIC flag -fPIC -DPIC works... yes
checking if g++ static flag -static works... yes
checking if g++ supports -c -o file.o... yes
checking if g++ supports -c -o file.o... (cached) yes
checking whether the g++ linker (x86_64-conda-linux-gnu-ld -m elf_x86_64) supports shared libraries... yes
checking dynamic linker characteristics... (cached) GNU/Linux ld.so
checking how to hardcode library paths into programs... immediate
configure: building LHAGLUE Fortran wrappers
configure: building LHAGLUE C++ wrappers
checking for doxygen... no
configure: LHAPDF Python library to be installed to /home/karna/Descargas/madgraph/MG5_aMC_v2_9_27/HEPTools/lhapdf6_py3/lib/python3.10/site-packages (override with LHAPDF_PYTHONPATH env variable)
checking for python version... 3.10
checking for python platform... linux
checking for GNU default python prefix... ${prefix}
checking for GNU default python exec_prefix... ${exec_prefix}
checking for python script directory (pythondir)... ${PYTHON_PREFIX}/lib/python3.10/site-packages
checking for python extension module directory (pyexecdir)... ${PYTHON_EXEC_PREFIX}/lib/python3.10/site-packages
checking for Cython >= 0.24... yes
configure: Cython >= 0.24 found: Python extension source can be rebuilt (for developers)
checking for cython-3.10... no
checking for cython3.10... no
checking for cython-3... no
checking for cython3... no
checking for cython... /home/karna/Descargas/madgraph/MG5_aMC_v2_9_27/HEPTools/lhapdf6_py3//python3.10/bin/cython
checking if the g++ compiler accepts the -pedantic flag... yes
checking if the g++ compiler accepts the -Wall flag... yes
checking if the g++ compiler accepts the -Wno-long-long flag... yes
checking if the g++ compiler accepts the -Qunused-arguments flag... no
checking if the g++ compiler accepts the -Wshadow flag... yes
checking that generated files are newer than configure... done
configure: creating ./config.status
config.status: creating src/yamlcpp/Makefile
config.status: creating Makefile
config.status: creating src/Makefile
config.status: creating include/Makefile
config.status: creating include/LHAPDF/Makefile
config.status: creating bin/Makefile
config.status: creating bin/lhapdf-config
config.status: creating examples/Makefile
config.status: creating tests/Makefile
config.status: creating doc/Makefile
config.status: creating doc/Doxyfile
config.status: creating lhapdf.pc
config.status: creating wrappers/Makefile
config.status: creating wrappers/python/Makefile
config.status: creating wrappers/python/build.py
config.status: creating lhapdfenv.sh
config.status: creating config/config.h
config.status: creating include/LHAPDF/Version.h
config.status: include/LHAPDF/Version.h is unchanged
config.status: executing depfiles commands
config.status: executing libtool commands

****************************************************************
IMPORTANT INFORMATION ABOUT PDF SETS

LHAPDF no longer bundles PDF set data in the package tarball.
The sets are instead all stored online at
  http://lhapdfsets.web.cern.ch/lhapdfsets/current/
and you should install those that you wish to use into
  /home/karna/Descargas/madgraph/MG5_aMC_v2_9_27/HEPTools/lhapdf6_py3/share/LHAPDF

The downloadable PDF sets are packaged as tarballs, which
must be expanded to be used. The simplest way to do this is with
the 'lhapdf' script, e.g. to install the CT10nlo PDF set:
  lhapdf install CT10nlo
The same effect can be achieved manually with, e.g.:
  wget http://lhapdfsets.web.cern.ch/lhapdfsets/current/CT10nlo.tar.gz -O- | tar xz -C /home/karna/Descargas/madgraph/MG5_aMC_v2_9_27/HEPTools/lhapdf6_py3/share/LHAPDF

****************************************************************

 Compile LHAPDF6
Making all in src
make[1]: se entra en el directorio '/tmp/tmph69o7bcl/LHAPDF-6.5.5/src'
Making all in yamlcpp
make[2]: se entra en el directorio '/tmp/tmph69o7bcl/LHAPDF-6.5.5/src/yamlcpp'
  CXX      liblhapdf_yaml_cpp_la-binary.lo
  CXX      liblhapdf_yaml_cpp_la-emitterstate.lo
  CXX      liblhapdf_yaml_cpp_la-node.lo
  CXX      liblhapdf_yaml_cpp_la-parser.lo
  CXX      liblhapdf_yaml_cpp_la-simplekey.lo
  CXX      liblhapdf_yaml_cpp_la-convert.lo
  CXX      liblhapdf_yaml_cpp_la-emitterutils.lo
  CXX      liblhapdf_yaml_cpp_la-node_data.lo
  CXX      liblhapdf_yaml_cpp_la-regex_yaml.lo
  CXX      liblhapdf_yaml_cpp_la-singledocparser.lo
  CXX      liblhapdf_yaml_cpp_la-directives.lo
  CXX      liblhapdf_yaml_cpp_la-exceptions.lo
  CXX      liblhapdf_yaml_cpp_la-nodeevents.lo
  CXX      liblhapdf_yaml_cpp_la-scanner.lo
  CXX      liblhapdf_yaml_cpp_la-stream.lo
  CXX      liblhapdf_yaml_cpp_la-emit.lo
  CXX      liblhapdf_yaml_cpp_la-exp.lo
  CXX      liblhapdf_yaml_cpp_la-null.lo
  CXX      liblhapdf_yaml_cpp_la-scanscalar.lo
  CXX      liblhapdf_yaml_cpp_la-tag.lo
  CXX      liblhapdf_yaml_cpp_la-emitfromevents.lo
  CXX      liblhapdf_yaml_cpp_la-memory.lo
  CXX      liblhapdf_yaml_cpp_la-ostream_wrapper.lo
  CXX      liblhapdf_yaml_cpp_la-scantag.lo
  CXX      liblhapdf_yaml_cpp_la-depthguard.lo
  CXX      liblhapdf_yaml_cpp_la-emitter.lo
  CXX      liblhapdf_yaml_cpp_la-nodebuilder.lo
  CXX      liblhapdf_yaml_cpp_la-parse.lo
  CXX      liblhapdf_yaml_cpp_la-scantoken.lo
  CXXLD    liblhapdf-yaml-cpp.la
make[2]: se sale del directorio '/tmp/tmph69o7bcl/LHAPDF-6.5.5/src/yamlcpp'
make[2]: se entra en el directorio '/tmp/tmph69o7bcl/LHAPDF-6.5.5/src'
  CXX      PDF.lo
  CXX      PDFSet.lo
  CXX      PDFInfo.lo
  CXX      GridPDF.lo
  CXX      KnotArray.lo
  CXX      Interpolator.lo
  CXX      BilinearInterpolator.lo
  CXX      BicubicInterpolator.lo
  CXX      LogBilinearInterpolator.lo
  CXX      LogBicubicInterpolator.lo
  CXX      ErrExtrapolator.lo
  CXX      NearestPointExtrapolator.lo
  CXX      ContinuationExtrapolator.lo
  CXX      AlphaS.lo
  CXX      AlphaS_Analytic.lo
  CXX      AlphaS_ODE.lo
  CXX      AlphaS_Ipol.lo
  CXX      Config.lo
  CXX      Factories.lo
  CXX      PDFIndex.lo
  CXX      Utils.lo
  CXX      FileIO.lo
  CXX      libLHAPDFInfo_la-Info.lo
  CXXLD    libLHAPDFInfo.la
  CXX      libLHAPDFPaths_la-Paths.lo
  CXXLD    libLHAPDFPaths.la
  CXX      libLHAPDFGlue_la-LHAGlue.lo
  CXXLD    libLHAPDFGlue.la
  CXXLD    libLHAPDF.la
make[2]: se sale del directorio '/tmp/tmph69o7bcl/LHAPDF-6.5.5/src'
make[1]: se sale del directorio '/tmp/tmph69o7bcl/LHAPDF-6.5.5/src'
Making all in include
make[1]: se entra en el directorio '/tmp/tmph69o7bcl/LHAPDF-6.5.5/include'
Making all in LHAPDF
make[2]: se entra en el directorio '/tmp/tmph69o7bcl/LHAPDF-6.5.5/include/LHAPDF'
make  all-am
make[3]: se entra en el directorio '/tmp/tmph69o7bcl/LHAPDF-6.5.5/include/LHAPDF'
make[3]: se sale del directorio '/tmp/tmph69o7bcl/LHAPDF-6.5.5/include/LHAPDF'
make[2]: se sale del directorio '/tmp/tmph69o7bcl/LHAPDF-6.5.5/include/LHAPDF'
make[2]: se entra en el directorio '/tmp/tmph69o7bcl/LHAPDF-6.5.5/include'
make[2]: No se hace nada para 'all-am'.
make[2]: se sale del directorio '/tmp/tmph69o7bcl/LHAPDF-6.5.5/include'
make[1]: se sale del directorio '/tmp/tmph69o7bcl/LHAPDF-6.5.5/include'
Making all in wrappers
make[1]: se entra en el directorio '/tmp/tmph69o7bcl/LHAPDF-6.5.5/wrappers'
Making all in python
make[2]: se entra en el directorio '/tmp/tmph69o7bcl/LHAPDF-6.5.5/wrappers/python'
/home/karna/Descargas/madgraph/MG5_aMC_v2_9_27/HEPTools/lhapdf6_py3//python3.10/bin/cython ./lhapdf.pyx --cplus -2 -o lhapdf.cpp
for i in lhapdf.cpp lhapdf.pyx clhapdf.pxd __init__.py; do \
  orig="$i"; \
  build="$(basename $i)"; \
  if [ ! -e ${build} ]; then cp ${orig} ${build}; \
  echo ${build} >> fix-out-of-source; fi; \
done
touch fix-out-of-source
CC="g++" CXX="g++" CFLAGS="-march=nocona -mtune=haswell -ftree-vectorize -fPIC -fstack-protector-strong -fno-plt -O2 -ffunction-sections -pipe -isystem /home/karna/anaconda3/envs/MG5/include" CXXFLAGS="-O2 -std=c++11 " CPPFLAGS="-DNDEBUG -D_FORTIFY_SOURCE=2 -O2 -isystem /home/karna/anaconda3/envs/MG5/include -I/home/karna/Descargas/madgraph/MG5_aMC_v2_9_27/HEPTools/lhapdf6_py3/include -I." LHAPDF_LOCAL=1 /home/karna/anaconda3/envs/MG5/bin/python3 build.py
Build command = g++  -shared -fPIC  -o  lhapdf.so  /tmp/tmph69o7bcl/LHAPDF-6.5.5/wrappers/python/lhapdf.cpp  -I/tmp/tmph69o7bcl/LHAPDF-6.5.5/include -I/tmp/tmph69o7bcl/LHAPDF-6.5.5/include -I/home/karna/Descargas/madgraph/MG5_aMC_v2_9_27/HEPTools/lhapdf6_py3/include -DNDEBUG -D_FORTIFY_SOURCE=2 -O2 -isystem /home/karna/anaconda3/envs/MG5/include -I/home/karna/Descargas/madgraph/MG5_aMC_v2_9_27/HEPTools/lhapdf6_py3/include   -O2 -std=c++11    -L/tmp/tmph69o7bcl/LHAPDF-6.5.5/src/.libs -Wl,-O2 -Wl,--sort-common -Wl,--as-needed -Wl,-z,relro -Wl,-z,now -Wl,--disable-new-dtags -Wl,--gc-sections -Wl,--allow-shlib-undefined -Wl,-rpath,/home/karna/anaconda3/envs/MG5/lib -Wl,-rpath-link,/home/karna/anaconda3/envs/MG5/lib -L/home/karna/anaconda3/envs/MG5/lib -L/home/karna/Descargas/madgraph/MG5_aMC_v2_9_27/HEPTools/lhapdf6_py3/lib  -lstdc++ -lLHAPDF  -I/home/karna/anaconda3/envs/MG5/include/python3.10 /home/karna/anaconda3/envs/MG5/lib/libpython3.10.so -lcrypt -lpthread -ldl  -lutil -lm -lm
make[2]: se sale del directorio '/tmp/tmph69o7bcl/LHAPDF-6.5.5/wrappers/python'
make[2]: se entra en el directorio '/tmp/tmph69o7bcl/LHAPDF-6.5.5/wrappers'
make[2]: No se hace nada para 'all-am'.
make[2]: se sale del directorio '/tmp/tmph69o7bcl/LHAPDF-6.5.5/wrappers'
make[1]: se sale del directorio '/tmp/tmph69o7bcl/LHAPDF-6.5.5/wrappers'
Making all in tests
make[1]: se entra en el directorio '/tmp/tmph69o7bcl/LHAPDF-6.5.5/tests'
make[1]: No se hace nada para 'all'.
make[1]: se sale del directorio '/tmp/tmph69o7bcl/LHAPDF-6.5.5/tests'
Making all in bin
make[1]: se entra en el directorio '/tmp/tmph69o7bcl/LHAPDF-6.5.5/bin'
make[1]: No se hace nada para 'all'.
make[1]: se sale del directorio '/tmp/tmph69o7bcl/LHAPDF-6.5.5/bin'
Making all in examples
make[1]: se entra en el directorio '/tmp/tmph69o7bcl/LHAPDF-6.5.5/examples'
  CXX      testpdf.o
  CXXLD    testpdf
  CXX      testpdfset.o
  CXXLD    testpdfset
  CXX      analyticpdf.o
  CXXLD    analyticpdf
  CXX      compatibility.o
  CXXLD    compatibility
  CXX      testpdfunc.o
  CXXLD    testpdfunc
  CXX      hessian2replicas.o
  CXXLD    hessian2replicas
  CXX      reweight.o
  CXXLD    reweight
make[1]: se sale del directorio '/tmp/tmph69o7bcl/LHAPDF-6.5.5/examples'
Making all in doc
make[1]: se entra en el directorio '/tmp/tmph69o7bcl/LHAPDF-6.5.5/doc'
make[1]: No se hace nada para 'all'.
make[1]: se sale del directorio '/tmp/tmph69o7bcl/LHAPDF-6.5.5/doc'
make[1]: se entra en el directorio '/tmp/tmph69o7bcl/LHAPDF-6.5.5'
make[1]: No se hace nada para 'all-am'.
make[1]: se sale del directorio '/tmp/tmph69o7bcl/LHAPDF-6.5.5'
 Install LHAPDF6
Making install in src
make[1]: se entra en el directorio '/tmp/tmph69o7bcl/LHAPDF-6.5.5/src'
Making install in yamlcpp
make[2]: se entra en el directorio '/tmp/tmph69o7bcl/LHAPDF-6.5.5/src/yamlcpp'
make[3]: se entra en el directorio '/tmp/tmph69o7bcl/LHAPDF-6.5.5/src/yamlcpp'
make[3]: No se hace nada para 'install-exec-am'.
make[3]: No se hace nada para 'install-data-am'.
make[3]: se sale del directorio '/tmp/tmph69o7bcl/LHAPDF-6.5.5/src/yamlcpp'
make[2]: se sale del directorio '/tmp/tmph69o7bcl/LHAPDF-6.5.5/src/yamlcpp'
make[2]: se entra en el directorio '/tmp/tmph69o7bcl/LHAPDF-6.5.5/src'
make[3]: se entra en el directorio '/tmp/tmph69o7bcl/LHAPDF-6.5.5/src'
 /usr/bin/mkdir -p '/home/karna/Descargas/madgraph/MG5_aMC_v2_9_27/HEPTools/lhapdf6_py3//lib'
 /bin/bash ../libtool   --mode=install /usr/bin/install -c   libLHAPDF.la '/home/karna/Descargas/madgraph/MG5_aMC_v2_9_27/HEPTools/lhapdf6_py3//lib'
libtool: install: /usr/bin/install -c .libs/libLHAPDF.so /home/karna/Descargas/madgraph/MG5_aMC_v2_9_27/HEPTools/lhapdf6_py3//lib/libLHAPDF.so
libtool: install: /usr/bin/install -c .libs/libLHAPDF.lai /home/karna/Descargas/madgraph/MG5_aMC_v2_9_27/HEPTools/lhapdf6_py3//lib/libLHAPDF.la
libtool: install: /usr/bin/install -c .libs/libLHAPDF.a /home/karna/Descargas/madgraph/MG5_aMC_v2_9_27/HEPTools/lhapdf6_py3//lib/libLHAPDF.a
libtool: install: chmod 644 /home/karna/Descargas/madgraph/MG5_aMC_v2_9_27/HEPTools/lhapdf6_py3//lib/libLHAPDF.a
libtool: install: x86_64-conda-linux-gnu-ranlib /home/karna/Descargas/madgraph/MG5_aMC_v2_9_27/HEPTools/lhapdf6_py3//lib/libLHAPDF.a
libtool: finish: PATH="/home/karna/Descargas/madgraph/MG5_aMC_v2_9_27/HEPTools/lhapdf6_py3//python3.10/bin/:/home/karna/Descargas/madgraph/MG5_aMC_v2_9_27/HEPTools/bin:/home/karna/anaconda3/envs/MG5/bin:/home/karna/anaconda3/condabin:/home/karna/.pyenv/shims:/home/karna/.pyenv/bin:/usr/local/sbin:/usr/local/bin:/usr/sbin:/usr/bin:/sbin:/bin:/usr/games:/usr/local/games:/snap/bin:/snap/bin:/sbin" ldconfig -n /home/karna/Descargas/madgraph/MG5_aMC_v2_9_27/HEPTools/lhapdf6_py3//lib
----------------------------------------------------------------------
Libraries have been installed in:
   /home/karna/Descargas/madgraph/MG5_aMC_v2_9_27/HEPTools/lhapdf6_py3//lib

If you ever happen to want to link against installed libraries
in a given directory, LIBDIR, you must either use libtool, and
specify the full pathname of the library, or use the '-LLIBDIR'
flag during linking and do at least one of the following:
   - add LIBDIR to the 'LD_LIBRARY_PATH' environment variable
     during execution
   - add LIBDIR to the 'LD_RUN_PATH' environment variable
     during linking
   - use the '-Wl,-rpath -Wl,LIBDIR' linker flag
   - have your system administrator add LIBDIR to '/etc/ld.so.conf'

See any operating system documentation about shared libraries for
more information, such as the ld(1) and ld.so(8) manual pages.
----------------------------------------------------------------------
make[3]: No se hace nada para 'install-data-am'.
make[3]: se sale del directorio '/tmp/tmph69o7bcl/LHAPDF-6.5.5/src'
make[2]: se sale del directorio '/tmp/tmph69o7bcl/LHAPDF-6.5.5/src'
make[1]: se sale del directorio '/tmp/tmph69o7bcl/LHAPDF-6.5.5/src'
Making install in include
make[1]: se entra en el directorio '/tmp/tmph69o7bcl/LHAPDF-6.5.5/include'
Making install in LHAPDF
make[2]: se entra en el directorio '/tmp/tmph69o7bcl/LHAPDF-6.5.5/include/LHAPDF'
make[3]: se entra en el directorio '/tmp/tmph69o7bcl/LHAPDF-6.5.5/include/LHAPDF'
make[3]: No se hace nada para 'install-exec-am'.
 /usr/bin/mkdir -p '/home/karna/Descargas/madgraph/MG5_aMC_v2_9_27/HEPTools/lhapdf6_py3/include/LHAPDF'
 /usr/bin/install -c -m 644 LHAPDF.h Version.h Info.h Config.h PDFSet.h PDFInfo.h PDF.h GridPDF.h KnotArray.h Utils.h FileIO.h Paths.h Exceptions.h Factories.h PDFIndex.h Reweighting.h Interpolator.h BilinearInterpolator.h BicubicInterpolator.h LogBilinearInterpolator.h LogBicubicInterpolator.h Extrapolator.h ErrExtrapolator.h NearestPointExtrapolator.h ContinuationExtrapolator.h AlphaS.h LHAGlue.h '/home/karna/Descargas/madgraph/MG5_aMC_v2_9_27/HEPTools/lhapdf6_py3/include/LHAPDF'
make[3]: se sale del directorio '/tmp/tmph69o7bcl/LHAPDF-6.5.5/include/LHAPDF'
make[2]: se sale del directorio '/tmp/tmph69o7bcl/LHAPDF-6.5.5/include/LHAPDF'
make[2]: se entra en el directorio '/tmp/tmph69o7bcl/LHAPDF-6.5.5/include'
make[3]: se entra en el directorio '/tmp/tmph69o7bcl/LHAPDF-6.5.5/include'
make[3]: No se hace nada para 'install-exec-am'.
make[3]: No se hace nada para 'install-data-am'.
make[3]: se sale del directorio '/tmp/tmph69o7bcl/LHAPDF-6.5.5/include'
make[2]: se sale del directorio '/tmp/tmph69o7bcl/LHAPDF-6.5.5/include'
make[1]: se sale del directorio '/tmp/tmph69o7bcl/LHAPDF-6.5.5/include'
Making install in wrappers
make[1]: se entra en el directorio '/tmp/tmph69o7bcl/LHAPDF-6.5.5/wrappers'
Making install in python
make[2]: se entra en el directorio '/tmp/tmph69o7bcl/LHAPDF-6.5.5/wrappers/python'
CC="g++" CXX="g++" CFLAGS="-march=nocona -mtune=haswell -ftree-vectorize -fPIC -fstack-protector-strong -fno-plt -O2 -ffunction-sections -pipe -isystem /home/karna/anaconda3/envs/MG5/include" CXXFLAGS="-O2 -std=c++11 " CPPFLAGS="-DNDEBUG -D_FORTIFY_SOURCE=2 -O2 -isystem /home/karna/anaconda3/envs/MG5/include -I/home/karna/Descargas/madgraph/MG5_aMC_v2_9_27/HEPTools/lhapdf6_py3/include -I." LHAPDF_LOCAL=1 /home/karna/anaconda3/envs/MG5/bin/python3 build.py
Build command = g++  -shared -fPIC  -o  lhapdf.so  /tmp/tmph69o7bcl/LHAPDF-6.5.5/wrappers/python/lhapdf.cpp  -I/tmp/tmph69o7bcl/LHAPDF-6.5.5/include -I/tmp/tmph69o7bcl/LHAPDF-6.5.5/include -I/home/karna/Descargas/madgraph/MG5_aMC_v2_9_27/HEPTools/lhapdf6_py3/include -DNDEBUG -D_FORTIFY_SOURCE=2 -O2 -isystem /home/karna/anaconda3/envs/MG5/include -I/home/karna/Descargas/madgraph/MG5_aMC_v2_9_27/HEPTools/lhapdf6_py3/include   -O2 -std=c++11    -L/tmp/tmph69o7bcl/LHAPDF-6.5.5/src/.libs -Wl,-O2 -Wl,--sort-common -Wl,--as-needed -Wl,-z,relro -Wl,-z,now -Wl,--disable-new-dtags -Wl,--gc-sections -Wl,--allow-shlib-undefined -Wl,-rpath,/home/karna/anaconda3/envs/MG5/lib -Wl,-rpath-link,/home/karna/anaconda3/envs/MG5/lib -L/home/karna/anaconda3/envs/MG5/lib -L/home/karna/Descargas/madgraph/MG5_aMC_v2_9_27/HEPTools/lhapdf6_py3/lib  -lstdc++ -lLHAPDF  -I/home/karna/anaconda3/envs/MG5/include/python3.10 /home/karna/anaconda3/envs/MG5/lib/libpython3.10.so -lcrypt -lpthread -ldl  -lutil -lm -lm
make[3]: se entra en el directorio '/tmp/tmph69o7bcl/LHAPDF-6.5.5/wrappers/python'
/usr/bin/mkdir -p /home/karna/Descargas/madgraph/MG5_aMC_v2_9_27/HEPTools/lhapdf6_py3/lib/python3.10/site-packages/ && \
cp -r /tmp/tmph69o7bcl/LHAPDF-6.5.5/wrappers/python/build/lhapdf /home/karna/Descargas/madgraph/MG5_aMC_v2_9_27/HEPTools/lhapdf6_py3/lib/python3.10/site-packages/
make[3]: No se hace nada para 'install-data-am'.
make[3]: se sale del directorio '/tmp/tmph69o7bcl/LHAPDF-6.5.5/wrappers/python'
make[2]: se sale del directorio '/tmp/tmph69o7bcl/LHAPDF-6.5.5/wrappers/python'
make[2]: se entra en el directorio '/tmp/tmph69o7bcl/LHAPDF-6.5.5/wrappers'
make[3]: se entra en el directorio '/tmp/tmph69o7bcl/LHAPDF-6.5.5/wrappers'
make[3]: No se hace nada para 'install-exec-am'.
make[3]: No se hace nada para 'install-data-am'.
make[3]: se sale del directorio '/tmp/tmph69o7bcl/LHAPDF-6.5.5/wrappers'
make[2]: se sale del directorio '/tmp/tmph69o7bcl/LHAPDF-6.5.5/wrappers'
make[1]: se sale del directorio '/tmp/tmph69o7bcl/LHAPDF-6.5.5/wrappers'
Making install in tests
make[1]: se entra en el directorio '/tmp/tmph69o7bcl/LHAPDF-6.5.5/tests'
make[2]: se entra en el directorio '/tmp/tmph69o7bcl/LHAPDF-6.5.5/tests'
make[2]: No se hace nada para 'install-exec-am'.
make[2]: No se hace nada para 'install-data-am'.
make[2]: se sale del directorio '/tmp/tmph69o7bcl/LHAPDF-6.5.5/tests'
make[1]: se sale del directorio '/tmp/tmph69o7bcl/LHAPDF-6.5.5/tests'
Making install in bin
make[1]: se entra en el directorio '/tmp/tmph69o7bcl/LHAPDF-6.5.5/bin'
make[2]: se entra en el directorio '/tmp/tmph69o7bcl/LHAPDF-6.5.5/bin'
 /usr/bin/mkdir -p '/home/karna/Descargas/madgraph/MG5_aMC_v2_9_27/HEPTools/lhapdf6_py3//bin'
 /usr/bin/install -c lhapdf-config '/home/karna/Descargas/madgraph/MG5_aMC_v2_9_27/HEPTools/lhapdf6_py3//bin'
 /usr/bin/mkdir -p '/home/karna/Descargas/madgraph/MG5_aMC_v2_9_27/HEPTools/lhapdf6_py3//bin'
 /usr/bin/install -c lhapdf '/home/karna/Descargas/madgraph/MG5_aMC_v2_9_27/HEPTools/lhapdf6_py3//bin'
make[2]: No se hace nada para 'install-data-am'.
make[2]: se sale del directorio '/tmp/tmph69o7bcl/LHAPDF-6.5.5/bin'
make[1]: se sale del directorio '/tmp/tmph69o7bcl/LHAPDF-6.5.5/bin'
Making install in examples
make[1]: se entra en el directorio '/tmp/tmph69o7bcl/LHAPDF-6.5.5/examples'
make[2]: se entra en el directorio '/tmp/tmph69o7bcl/LHAPDF-6.5.5/examples'
make[2]: No se hace nada para 'install-exec-am'.
 /usr/bin/mkdir -p '/home/karna/Descargas/madgraph/MG5_aMC_v2_9_27/HEPTools/lhapdf6_py3/share/doc/LHAPDF/examples'
 /usr/bin/install -c -m 644 testpdf.cc testpdfset.cc analyticpdf.cc compatibility.cc testpdfunc.cc hessian2replicas.cc reweight.cc pythonexample.py testpdfunc.py fexample1.f90 fexample2.f90 '/home/karna/Descargas/madgraph/MG5_aMC_v2_9_27/HEPTools/lhapdf6_py3/share/doc/LHAPDF/examples'
 /usr/bin/mkdir -p '/home/karna/Descargas/madgraph/MG5_aMC_v2_9_27/HEPTools/lhapdf6_py3/share/doc/LHAPDF/examples'
  /bin/bash ../libtool   --mode=install /usr/bin/install -c testpdf testpdfset analyticpdf compatibility testpdfunc hessian2replicas reweight '/home/karna/Descargas/madgraph/MG5_aMC_v2_9_27/HEPTools/lhapdf6_py3/share/doc/LHAPDF/examples'
libtool: install: /usr/bin/install -c .libs/testpdf /home/karna/Descargas/madgraph/MG5_aMC_v2_9_27/HEPTools/lhapdf6_py3/share/doc/LHAPDF/examples/testpdf
libtool: install: /usr/bin/install -c .libs/testpdfset /home/karna/Descargas/madgraph/MG5_aMC_v2_9_27/HEPTools/lhapdf6_py3/share/doc/LHAPDF/examples/testpdfset
libtool: install: /usr/bin/install -c .libs/analyticpdf /home/karna/Descargas/madgraph/MG5_aMC_v2_9_27/HEPTools/lhapdf6_py3/share/doc/LHAPDF/examples/analyticpdf
libtool: install: /usr/bin/install -c .libs/compatibility /home/karna/Descargas/madgraph/MG5_aMC_v2_9_27/HEPTools/lhapdf6_py3/share/doc/LHAPDF/examples/compatibility
libtool: install: /usr/bin/install -c .libs/testpdfunc /home/karna/Descargas/madgraph/MG5_aMC_v2_9_27/HEPTools/lhapdf6_py3/share/doc/LHAPDF/examples/testpdfunc
libtool: install: /usr/bin/install -c .libs/hessian2replicas /home/karna/Descargas/madgraph/MG5_aMC_v2_9_27/HEPTools/lhapdf6_py3/share/doc/LHAPDF/examples/hessian2replicas
libtool: install: /usr/bin/install -c .libs/reweight /home/karna/Descargas/madgraph/MG5_aMC_v2_9_27/HEPTools/lhapdf6_py3/share/doc/LHAPDF/examples/reweight
make[2]: se sale del directorio '/tmp/tmph69o7bcl/LHAPDF-6.5.5/examples'
make[1]: se sale del directorio '/tmp/tmph69o7bcl/LHAPDF-6.5.5/examples'
Making install in doc
make[1]: se entra en el directorio '/tmp/tmph69o7bcl/LHAPDF-6.5.5/doc'
make[2]: se entra en el directorio '/tmp/tmph69o7bcl/LHAPDF-6.5.5/doc'
make[2]: No se hace nada para 'install-exec-am'.
make[2]: No se hace nada para 'install-data-am'.
make[2]: se sale del directorio '/tmp/tmph69o7bcl/LHAPDF-6.5.5/doc'
make[1]: se sale del directorio '/tmp/tmph69o7bcl/LHAPDF-6.5.5/doc'
make[1]: se entra en el directorio '/tmp/tmph69o7bcl/LHAPDF-6.5.5'
make[2]: se entra en el directorio '/tmp/tmph69o7bcl/LHAPDF-6.5.5'
make[2]: No se hace nada para 'install-exec-am'.
 /usr/bin/mkdir -p '/home/karna/Descargas/madgraph/MG5_aMC_v2_9_27/HEPTools/lhapdf6_py3//lib/pkgconfig'
 /usr/bin/install -c -m 644 lhapdf.pc '/home/karna/Descargas/madgraph/MG5_aMC_v2_9_27/HEPTools/lhapdf6_py3//lib/pkgconfig'
 /usr/bin/mkdir -p '/home/karna/Descargas/madgraph/MG5_aMC_v2_9_27/HEPTools/lhapdf6_py3//share/LHAPDF'
 /usr/bin/install -c -m 644 lhapdf.conf pdfsets.index '/home/karna/Descargas/madgraph/MG5_aMC_v2_9_27/HEPTools/lhapdf6_py3//share/LHAPDF'
make  install-data-hook
make[3]: se entra en el directorio '/tmp/tmph69o7bcl/LHAPDF-6.5.5'
test -e /home/karna/Descargas/madgraph/MG5_aMC_v2_9_27/HEPTools/lhapdf6_py3//share/LHAPDF/sets && rmdir /home/karna/Descargas/madgraph/MG5_aMC_v2_9_27/HEPTools/lhapdf6_py3//share/LHAPDF/sets || true
make[3]: se sale del directorio '/tmp/tmph69o7bcl/LHAPDF-6.5.5'
make[2]: se sale del directorio '/tmp/tmph69o7bcl/LHAPDF-6.5.5'
make[1]: se sale del directorio '/tmp/tmph69o7bcl/LHAPDF-6.5.5'
copy index and conf file
cp: './share/LHAPDF/pdfsets.index' y '/home/karna/Descargas/madgraph/MG5_aMC_v2_9_27/HEPTools/lhapdf6_py3//share/LHAPDF/pdfsets.index' son el mismo fichero
cp: './share/LHAPDF/lhapdf.conf' y '/home/karna/Descargas/madgraph/MG5_aMC_v2_9_27/HEPTools/lhapdf6_py3//share/LHAPDF/lhapdf.conf' son el mismo fichero
--2026-07-22 09:30:44--  http://lhapdfsets.web.cern.ch/lhapdfsets/current/NNPDF23_lo_as_0130_qed.tar.gz
Resolviendo lhapdfsets.web.cern.ch (lhapdfsets.web.cern.ch)... 2001:1458:d00:39::100:130, 2001:1458:d00:17::100:9e, 2001:1458:d00:2c::100:32c, ...
Conectando con lhapdfsets.web.cern.ch (lhapdfsets.web.cern.ch)[2001:1458:d00:39::100:130]:80... conectado.
Petición HTTP enviada, esperando respuesta... 302 Found
Ubicación: https://lhapdfsets.web.cern.ch/lhapdfsets/current/NNPDF23_lo_as_0130_qed.tar.gz [siguiente]
--2026-07-22 09:30:45--  https://lhapdfsets.web.cern.ch/lhapdfsets/current/NNPDF23_lo_as_0130_qed.tar.gz
Conectando con lhapdfsets.web.cern.ch (lhapdfsets.web.cern.ch)[2001:1458:d00:39::100:130]:443... conectado.
Petición HTTP enviada, esperando respuesta... 302 Found
Ubicación: https://lhapdfsets.web.cern.ch/current/NNPDF23_lo_as_0130_qed.tar.gz [siguiente]
--2026-07-22 09:30:46--  https://lhapdfsets.web.cern.ch/current/NNPDF23_lo_as_0130_qed.tar.gz
Reutilizando la conexión existente a [lhapdfsets.web.cern.ch]:443.
Petición HTTP enviada, esperando respuesta... 200 OK
Longitud: 27625668 (26M) [application/x-gzip]
Guardando como: ‘NNPDF23_lo_as_0130_qed.tar.gz’

     0K .......... .......... .......... .......... ..........  0%  125K 3m36s
    50K .......... .......... .......... .......... ..........  0%  252K 2m41s
   100K .......... .......... .......... .......... ..........  0% 7,41M 1m48s
   150K .......... .......... .......... .......... ..........  0%  143K 2m8s
   200K .......... .......... .......... .......... ..........  0% 35,2M 1m42s
   250K .......... .......... .......... .......... ..........  1% 32,7M 85s
   300K .......... .......... .......... .......... ..........  1% 20,9M 73s
   350K .......... .......... .......... .......... ..........  1%  252K 77s
   400K .......... .......... .......... .......... ..........  1% 39,3M 68s
   450K .......... .......... .......... .......... ..........  1% 25,0M 62s
   500K .......... .......... .......... .......... ..........  2% 29,6M 56s
   550K .......... .......... .......... .......... ..........  2% 17,9M 51s
   600K .......... .......... .......... .......... ..........  2% 25,9M 47s
   650K .......... .......... .......... .......... ..........  2%  266K 51s
   700K .......... .......... .......... .......... ..........  2% 7,44M 48s
   750K .......... .......... .......... .......... ..........  2% 23,3M 45s
   800K .......... .......... .......... .......... ..........  3% 16,1M 42s
   850K .......... .......... .......... .......... ..........  3% 39,2M 40s
   900K .......... .......... .......... .......... ..........  3% 30,2M 38s
   950K .......... .......... .......... .......... ..........  3% 43,6M 36s
  1000K .......... .......... .......... .......... ..........  3%  272K 38s
  1050K .......... .......... .......... .......... ..........  4% 4,21M 37s
  1100K .......... .......... .......... .......... ..........  4% 55,5M 35s
  1150K .......... .......... .......... .......... ..........  4% 16,7M 34s
  1200K .......... .......... .......... .......... ..........  4% 48,0M 32s
  1250K .......... .......... .......... .......... ..........  4% 44,7M 31s
  1300K .......... .......... .......... .......... ..........  5% 29,3M 30s
  1350K .......... .......... .......... .......... ..........  5%  281K 32s
  1400K .......... .......... .......... .......... ..........  5% 3,50M 31s
  1450K .......... .......... .......... .......... ..........  5% 11,9M 30s
  1500K .......... .......... .......... .......... ..........  5% 22,8M 29s
  1550K .......... .......... .......... .......... ..........  5% 30,3M 28s
  1600K .......... .......... .......... .......... ..........  6% 28,4M 27s
  1650K .......... .......... .......... .......... ..........  6% 22,0M 26s
  1700K .......... .......... .......... .......... ..........  6%  276K 28s
  1750K .......... .......... .......... .......... ..........  6% 18,6M 27s
  1800K .......... .......... .......... .......... ..........  6% 6,22M 27s
  1850K .......... .......... .......... .......... ..........  7% 28,4M 26s
  1900K .......... .......... .......... .......... ..........  7% 35,3M 25s
  1950K .......... .......... .......... .......... ..........  7% 32,2M 25s
  2000K .......... .......... .......... .......... ..........  7%  272K 26s
  2050K .......... .......... .......... .......... ..........  7% 25,2M 26s
  2100K .......... .......... .......... .......... ..........  7% 3,95M 25s
  2150K .......... .......... .......... .......... ..........  8% 8,56M 25s
  2200K .......... .......... .......... .......... ..........  8% 31,5M 24s
  2250K .......... .......... .......... .......... ..........  8% 27,6M 23s
  2300K .......... .......... .......... .......... ..........  8% 10,4M 23s
  2350K .......... .......... .......... .......... ..........  8%  308K 24s
  2400K .......... .......... .......... .......... ..........  9% 38,9M 24s
  2450K .......... .......... .......... .......... ..........  9% 4,11M 23s
  2500K .......... .......... .......... .......... ..........  9% 29,3M 23s
  2550K .......... .......... .......... .......... ..........  9% 19,9M 22s
  2600K .......... .......... .......... .......... ..........  9% 16,9M 22s
  2650K .......... .......... .......... .......... .......... 10% 31,5M 21s
  2700K .......... .......... .......... .......... .......... 10%  293K 22s
  2750K .......... .......... .......... .......... .......... 10% 39,8M 22s
  2800K .......... .......... .......... .......... .......... 10% 3,50M 22s
  2850K .......... .......... .......... .......... .......... 10% 31,9M 21s
  2900K .......... .......... .......... .......... .......... 10% 26,5M 21s
  2950K .......... .......... .......... .......... .......... 11% 11,0M 20s
  3000K .......... .......... .......... .......... .......... 11%  286K 21s
  3050K .......... .......... .......... .......... .......... 11% 26,0M 21s
  3100K .......... .......... .......... .......... .......... 11% 4,11M 21s
  3150K .......... .......... .......... .......... .......... 11% 9,65M 20s
  3200K .......... .......... .......... .......... .......... 12% 22,6M 20s
  3250K .......... .......... .......... .......... .......... 12% 34,2M 20s
  3300K .......... .......... .......... .......... .......... 12% 15,2M 20s
  3350K .......... .......... .......... .......... .......... 12%  290K 20s
  3400K .......... .......... .......... .......... .......... 12% 55,9M 20s
  3450K .......... .......... .......... .......... .......... 12% 4,51M 20s
  3500K .......... .......... .......... .......... .......... 13% 60,6M 19s
  3550K .......... .......... .......... .......... .......... 13% 47,0M 19s
  3600K .......... .......... .......... .......... .......... 13% 35,4M 19s
  3650K .......... .......... .......... .......... .......... 13% 14,2M 19s
  3700K .......... .......... .......... .......... .......... 13%  270K 19s
  3750K .......... .......... .......... .......... .......... 14% 32,3M 19s
  3800K .......... .......... .......... .......... .......... 14% 32,1M 19s
  3850K .......... .......... .......... .......... .......... 14% 10,9M 19s
  3900K .......... .......... .......... .......... .......... 14% 32,8M 18s
  3950K .......... .......... .......... .......... .......... 14% 30,9M 18s
  4000K .......... .......... .......... .......... .......... 15% 27,3M 18s
  4050K .......... .......... .......... .......... .......... 15%  265K 19s
  4100K .......... .......... .......... .......... .......... 15% 27,8M 18s
  4150K .......... .......... .......... .......... .......... 15% 7,31M 18s
  4200K .......... .......... .......... .......... .......... 15% 29,6M 18s
  4250K .......... .......... .......... .......... .......... 15% 31,2M 18s
  4300K .......... .......... .......... .......... .......... 16% 14,3M 17s
  4350K .......... .......... .......... .......... .......... 16% 40,7M 17s
  4400K .......... .......... .......... .......... .......... 16%  273K 18s
  4450K .......... .......... .......... .......... .......... 16% 22,1M 18s
  4500K .......... .......... .......... .......... .......... 16% 5,82M 18s
  4550K .......... .......... .......... .......... .......... 17% 28,5M 17s
  4600K .......... .......... .......... .......... .......... 17% 29,6M 17s
  4650K .......... .......... .......... .......... .......... 17% 32,2M 17s
  4700K .......... .......... .......... .......... .......... 17% 46,2M 17s
  4750K .......... .......... .......... .......... .......... 17%  280K 17s
  4800K .......... .......... .......... .......... .......... 17% 29,2M 17s
  4850K .......... .......... .......... .......... .......... 18% 7,04M 17s
  4900K .......... .......... .......... .......... .......... 18% 30,1M 17s
  4950K .......... .......... .......... .......... .......... 18% 36,2M 16s
  5000K .......... .......... .......... .......... .......... 18% 14,8M 16s
  5050K .......... .......... .......... .......... .......... 18%  283K 17s
  5100K .......... .......... .......... .......... .......... 19% 11,5M 17s
  5150K .......... .......... .......... .......... .......... 19% 28,3M 16s
  5200K .......... .......... .......... .......... .......... 19% 9,32M 16s
  5250K .......... .......... .......... .......... .......... 19% 26,3M 16s
  5300K .......... .......... .......... .......... .......... 19% 22,8M 16s
  5350K .......... .......... .......... .......... .......... 20% 27,1M 16s
  5400K .......... .......... .......... .......... .......... 20%  279K 16s
  5450K .......... .......... .......... .......... .......... 20% 31,5M 16s
  5500K .......... .......... .......... .......... .......... 20% 38,3M 16s
  5550K .......... .......... .......... .......... .......... 20% 16,2M 16s
  5600K .......... .......... .......... .......... .......... 20% 28,5M 16s
  5650K .......... .......... .......... .......... .......... 21% 14,2M 15s
  5700K .......... .......... .......... .......... .......... 21% 5,62M 15s
  5750K .......... .......... .......... .......... .......... 21%  286K 16s
  5800K .......... .......... .......... .......... .......... 21% 16,6M 16s
  5850K .......... .......... .......... .......... .......... 21% 33,2M 15s
  5900K .......... .......... .......... .......... .......... 22% 29,1M 15s
  5950K .......... .......... .......... .......... .......... 22% 3,61M 15s
  6000K .......... .......... .......... .......... .......... 22% 17,7M 15s
  6050K .......... .......... .......... .......... .......... 22% 18,3M 15s
  6100K .......... .......... .......... .......... .......... 22%  292K 15s
  6150K .......... .......... .......... .......... .......... 22% 29,9M 15s
  6200K .......... .......... .......... .......... .......... 23% 38,7M 15s
  6250K .......... .......... .......... .......... .......... 23% 31,2M 15s
  6300K .......... .......... .......... .......... .......... 23% 3,83M 15s
  6350K .......... .......... .......... .......... .......... 23% 23,6M 15s
  6400K .......... .......... .......... .......... .......... 23% 38,3M 14s
  6450K .......... .......... .......... .......... .......... 24%  289K 15s
  6500K .......... .......... .......... .......... .......... 24% 23,9M 15s
  6550K .......... .......... .......... .......... .......... 24% 29,5M 15s
  6600K .......... .......... .......... .......... .......... 24% 5,38M 14s
  6650K .......... .......... .......... .......... .......... 24% 15,0M 14s
  6700K .......... .......... .......... .......... .......... 25% 6,08M 14s
  6750K .......... .......... .......... .......... .......... 25% 24,7M 14s
  6800K .......... .......... .......... .......... .......... 25% 9,01M 14s
  6850K .......... .......... .......... .......... .......... 25%  303K 14s
  6900K .......... .......... .......... .......... .......... 25% 25,2M 14s
  6950K .......... .......... .......... .......... .......... 25% 26,0M 14s
  7000K .......... .......... .......... .......... .......... 26% 7,48M 14s
  7050K .......... .......... .......... .......... .......... 26% 4,66M 14s
  7100K .......... .......... .......... .......... .......... 26% 26,7M 14s
  7150K .......... .......... .......... .......... .......... 26% 4,75M 14s
  7200K .......... .......... .......... .......... .......... 26%  311K 14s
  7250K .......... .......... .......... .......... .......... 27% 28,4M 14s
  7300K .......... .......... .......... .......... .......... 27% 24,2M 14s
  7350K .......... .......... .......... .......... .......... 27% 3,26M 14s
  7400K .......... .......... .......... .......... .......... 27% 4,64M 13s
  7450K .......... .......... .......... .......... .......... 27% 22,7M 13s
  7500K .......... .......... .......... .......... .......... 27% 20,3M 13s
  7550K .......... .......... .......... .......... .......... 28%  308K 13s
  7600K .......... .......... .......... .......... .......... 28% 26,7M 13s
  7650K .......... .......... .......... .......... .......... 28% 27,1M 13s
  7700K .......... .......... .......... .......... .......... 28% 3,95M 13s
  7750K .......... .......... .......... .......... .......... 28% 17,0M 13s
  7800K .......... .......... .......... .......... .......... 29% 5,34M 13s
  7850K .......... .......... .......... .......... .......... 29% 20,4M 13s
  7900K .......... .......... .......... .......... .......... 29% 35,4M 13s
  7950K .......... .......... .......... .......... .......... 29%  312K 13s
  8000K .......... .......... .......... .......... .......... 29% 41,9M 13s
  8050K .......... .......... .......... .......... .......... 30% 37,6M 13s
  8100K .......... .......... .......... .......... .......... 30% 2,43M 13s
  8150K .......... .......... .......... .......... .......... 30% 35,0M 13s
  8200K .......... .......... .......... .......... .......... 30% 7,27M 13s
  8250K .......... .......... .......... .......... .......... 30% 31,6M 12s
  8300K .......... .......... .......... .......... .......... 30%  303K 13s
  8350K .......... .......... .......... .......... .......... 31% 13,8M 13s
  8400K .......... .......... .......... .......... .......... 31% 30,7M 12s
  8450K .......... .......... .......... .......... .......... 31% 32,9M 12s
  8500K .......... .......... .......... .......... .......... 31% 2,57M 12s
  8550K .......... .......... .......... .......... .......... 31% 18,3M 12s
  8600K .......... .......... .......... .......... .......... 32% 23,7M 12s
  8650K .......... .......... .......... .......... .......... 32% 17,8M 12s
  8700K .......... .......... .......... .......... .......... 32%  309K 12s
  8750K .......... .......... .......... .......... .......... 32% 22,8M 12s
  8800K .......... .......... .......... .......... .......... 32% 7,07M 12s
  8850K .......... .......... .......... .......... .......... 32% 6,15M 12s
  8900K .......... .......... .......... .......... .......... 33% 5,15M 12s
  8950K .......... .......... .......... .......... .......... 33% 29,0M 12s
  9000K .......... .......... .......... .......... .......... 33% 21,6M 12s
  9050K .......... .......... .......... .......... .......... 33% 17,9M 12s
  9100K .......... .......... .......... .......... .......... 33%  294K 12s
  9150K .......... .......... .......... .......... .......... 34% 23,0M 12s
  9200K .......... .......... .......... .......... .......... 34% 6,96M 12s
  9250K .......... .......... .......... .......... .......... 34% 24,9M 12s
  9300K .......... .......... .......... .......... .......... 34% 6,17M 12s
  9350K .......... .......... .......... .......... .......... 34% 23,3M 11s
  9400K .......... .......... .......... .......... .......... 35% 18,6M 11s
  9450K .......... .......... .......... .......... .......... 35% 25,6M 11s
  9500K .......... .......... .......... .......... .......... 35%  289K 11s
  9550K .......... .......... .......... .......... .......... 35% 24,4M 11s
  9600K .......... .......... .......... .......... .......... 35% 45,3M 11s
  9650K .......... .......... .......... .......... .......... 35% 5,57M 11s
  9700K .......... .......... .......... .......... .......... 36% 30,1M 11s
  9750K .......... .......... .......... .......... .......... 36% 9,02M 11s
  9800K .......... .......... .......... .......... .......... 36% 15,2M 11s
  9850K .......... .......... .......... .......... .......... 36% 21,0M 11s
  9900K .......... .......... .......... .......... .......... 36% 6,68M 11s
  9950K .......... .......... .......... .......... .......... 37%  292K 11s
 10000K .......... .......... .......... .......... .......... 37% 14,2M 11s
 10050K .......... .......... .......... .......... .......... 37% 13,7M 11s
 10100K .......... .......... .......... .......... .......... 37% 14,3M 11s
 10150K .......... .......... .......... .......... .......... 37% 11,9M 11s
 10200K .......... .......... .......... .......... .......... 37% 31,9M 11s
 10250K .......... .......... .......... .......... .......... 38% 38,5M 11s
 10300K .......... .......... .......... .......... .......... 38% 30,1M 10s
 10350K .......... .......... .......... .......... .......... 38%  285K 11s
 10400K .......... .......... .......... .......... .......... 38% 31,0M 11s
 10450K .......... .......... .......... .......... .......... 38% 5,60M 10s
 10500K .......... .......... .......... .......... .......... 39% 32,5M 10s
 10550K .......... .......... .......... .......... .......... 39% 23,9M 10s
 10600K .......... .......... .......... .......... .......... 39% 32,9M 10s
 10650K .......... .......... .......... .......... .......... 39% 31,5M 10s
 10700K .......... .......... .......... .......... .......... 39% 42,2M 10s
 10750K .......... .......... .......... .......... .......... 40% 5,97M 10s
 10800K .......... .......... .......... .......... .......... 40%  295K 10s
 10850K .......... .......... .......... .......... .......... 40% 5,67M 10s
 10900K .......... .......... .......... .......... .......... 40% 6,82M 10s
 10950K .......... .......... .......... .......... .......... 40% 21,1M 10s
 11000K .......... .......... .......... .......... .......... 40% 31,5M 10s
 11050K .......... .......... .......... .......... .......... 41% 32,9M 10s
 11100K .......... .......... .......... .......... .......... 41% 32,2M 10s
 11150K .......... .......... .......... .......... .......... 41% 11,5M 10s
 11200K .......... .......... .......... .......... .......... 41% 27,0M 10s
 11250K .......... .......... .......... .......... .......... 41%  299K 10s
 11300K .......... .......... .......... .......... .......... 42% 3,50M 10s
 11350K .......... .......... .......... .......... .......... 42% 13,5M 10s
 11400K .......... .......... .......... .......... .......... 42% 26,2M 10s
 11450K .......... .......... .......... .......... .......... 42% 14,0M 10s
 11500K .......... .......... .......... .......... .......... 42% 29,5M 9s
 11550K .......... .......... .......... .......... .......... 42% 34,1M 9s
 11600K .......... .......... .......... .......... .......... 43% 31,8M 9s
 11650K .......... .......... .......... .......... .......... 43% 38,8M 9s
 11700K .......... .......... .......... .......... .......... 43%  292K 9s
 11750K .......... .......... .......... .......... .......... 43% 5,24M 9s
 11800K .......... .......... .......... .......... .......... 43% 9,73M 9s
 11850K .......... .......... .......... .......... .......... 44% 25,0M 9s
 11900K .......... .......... .......... .......... .......... 44% 5,18M 9s
 11950K .......... .......... .......... .......... .......... 44% 24,8M 9s
 12000K .......... .......... .......... .......... .......... 44% 40,3M 9s
 12050K .......... .......... .......... .......... .......... 44% 39,3M 9s
 12100K .......... .......... .......... .......... .......... 45% 29,4M 9s
 12150K .......... .......... .......... .......... .......... 45%  302K 9s
 12200K .......... .......... .......... .......... .......... 45% 27,9M 9s
 12250K .......... .......... .......... .......... .......... 45% 3,65M 9s
 12300K .......... .......... .......... .......... .......... 45% 23,8M 9s
 12350K .......... .......... .......... .......... .......... 45% 24,6M 9s
 12400K .......... .......... .......... .......... .......... 46% 6,00M 9s
 12450K .......... .......... .......... .......... .......... 46% 22,2M 9s
 12500K .......... .......... .......... .......... .......... 46% 25,9M 9s
 12550K .......... .......... .......... .......... .......... 46% 26,3M 9s
 12600K .......... .......... .......... .......... .......... 46% 31,3M 8s
 12650K .......... .......... .......... .......... .......... 47%  306K 9s
 12700K .......... .......... .......... .......... .......... 47% 5,51M 9s
 12750K .......... .......... .......... .......... .......... 47% 7,08M 9s
 12800K .......... .......... .......... .......... .......... 47% 24,6M 8s
 12850K .......... .......... .......... .......... .......... 47% 8,69M 8s
 12900K .......... .......... .......... .......... .......... 48% 28,5M 8s
 12950K .......... .......... .......... .......... .......... 48% 27,7M 8s
 13000K .......... .......... .......... .......... .......... 48% 30,1M 8s
 13050K .......... .......... .......... .......... .......... 48% 10,7M 8s
 13100K .......... .......... .......... .......... .......... 48% 45,2M 8s
 13150K .......... .......... .......... .......... .......... 48%  306K 8s
 13200K .......... .......... .......... .......... .......... 49% 4,58M 8s
 13250K .......... .......... .......... .......... .......... 49% 11,1M 8s
 13300K .......... .......... .......... .......... .......... 49% 37,6M 8s
 13350K .......... .......... .......... .......... .......... 49% 14,4M 8s
 13400K .......... .......... .......... .......... .......... 49% 29,5M 8s
 13450K .......... .......... .......... .......... .......... 50% 46,7M 8s
 13500K .......... .......... .......... .......... .......... 50% 10,8M 8s
 13550K .......... .......... .......... .......... .......... 50% 9,55M 8s
 13600K .......... .......... .......... .......... .......... 50% 25,6M 8s
 13650K .......... .......... .......... .......... .......... 50%  304K 8s
 13700K .......... .......... .......... .......... .......... 50% 8,46M 8s
 13750K .......... .......... .......... .......... .......... 51% 27,6M 8s
 13800K .......... .......... .......... .......... .......... 51% 4,18M 8s
 13850K .......... .......... .......... .......... .......... 51% 30,2M 8s
 13900K .......... .......... .......... .......... .......... 51% 29,2M 8s
 13950K .......... .......... .......... .......... .......... 51% 17,1M 7s
 14000K .......... .......... .......... .......... .......... 52% 21,8M 7s
 14050K .......... .......... .......... .......... .......... 52% 30,1M 7s
 14100K .......... .......... .......... .......... .......... 52% 27,2M 7s
 14150K .......... .......... .......... .......... .......... 52%  303K 7s
 14200K .......... .......... .......... .......... .......... 52% 23,1M 7s
 14250K .......... .......... .......... .......... .......... 53% 8,05M 7s
 14300K .......... .......... .......... .......... .......... 53% 25,9M 7s
 14350K .......... .......... .......... .......... .......... 53% 4,22M 7s
 14400K .......... .......... .......... .......... .......... 53% 24,0M 7s
 14450K .......... .......... .......... .......... .......... 53% 39,4M 7s
 14500K .......... .......... .......... .......... .......... 53% 31,8M 7s
 14550K .......... .......... .......... .......... .......... 54% 29,6M 7s
 14600K .......... .......... .......... .......... .......... 54% 25,2M 7s
 14650K .......... .......... .......... .......... .......... 54% 30,4M 7s
 14700K .......... .......... .......... .......... .......... 54%  304K 7s
 14750K .......... .......... .......... .......... .......... 54%  100M 7s
 14800K .......... .......... .......... .......... .......... 55% 5,89M 7s
 14850K .......... .......... .......... .......... .......... 55% 23,4M 7s
 14900K .......... .......... .......... .......... .......... 55% 5,32M 7s
 14950K .......... .......... .......... .......... .......... 55% 59,3M 7s
 15000K .......... .......... .......... .......... .......... 55% 10,9M 7s
 15050K .......... .......... .......... .......... .......... 55% 82,9M 7s
 15100K .......... .......... .......... .......... .......... 56% 11,9M 7s
 15150K .......... .......... .......... .......... .......... 56% 22,9M 7s
 15200K .......... .......... .......... .......... .......... 56% 48,6M 7s
 15250K .......... .......... .......... .......... .......... 56% 1,51M 7s
 15300K .......... .......... .......... .......... .......... 56%  349K 7s
 15350K .......... .......... .......... .......... .......... 57% 30,1M 7s
 15400K .......... .......... .......... .......... .......... 57% 31,9M 6s
 15450K .......... .......... .......... .......... .......... 57% 15,1M 6s
 15500K .......... .......... .......... .......... .......... 57% 26,7M 6s
 15550K .......... .......... .......... .......... .......... 57% 6,08M 6s
 15600K .......... .......... .......... .......... .......... 58% 34,0M 6s
 15650K .......... .......... .......... .......... .......... 58% 40,8M 6s
 15700K .......... .......... .......... .......... .......... 58% 21,4M 6s
 15750K .......... .......... .......... .......... .......... 58% 28,7M 6s
 15800K .......... .......... .......... .......... .......... 58% 31,9M 6s
 15850K .......... .......... .......... .......... .......... 58%  290K 6s
 15900K .......... .......... .......... .......... .......... 59% 26,6M 6s
 15950K .......... .......... .......... .......... .......... 59% 18,4M 6s
 16000K .......... .......... .......... .......... .......... 59% 26,1M 6s
 16050K .......... .......... .......... .......... .......... 59% 33,9M 6s
 16100K .......... .......... .......... .......... .......... 59% 20,5M 6s
 16150K .......... .......... .......... .......... .......... 60% 7,55M 6s
 16200K .......... .......... .......... .......... .......... 60% 38,6M 6s
 16250K .......... .......... .......... .......... .......... 60% 17,8M 6s
 16300K .......... .......... .......... .......... .......... 60% 22,7M 6s
 16350K .......... .......... .......... .......... .......... 60% 40,6M 6s
 16400K .......... .......... .......... .......... .......... 60% 31,2M 6s
 16450K .......... .......... .......... .......... .......... 61%  285K 6s
 16500K .......... .......... .......... .......... .......... 61% 11,2M 6s
 16550K .......... .......... .......... .......... .......... 61% 17,2M 6s
 16600K .......... .......... .......... .......... .......... 61% 15,5M 6s
 16650K .......... .......... .......... .......... .......... 61% 19,0M 6s
 16700K .......... .......... .......... .......... .......... 62% 31,5M 6s
 16750K .......... .......... .......... .......... .......... 62% 26,1M 5s
 16800K .......... .......... .......... .......... .......... 62% 32,0M 5s
 16850K .......... .......... .......... .......... .......... 62% 9,64M 5s
 16900K .......... .......... .......... .......... .......... 62% 28,0M 5s
 16950K .......... .......... .......... .......... .......... 63% 25,6M 5s
 17000K .......... .......... .......... .......... .......... 63% 12,1M 5s
 17050K .......... .......... .......... .......... .......... 63%  310K 5s
 17100K .......... .......... .......... .......... .......... 63% 2,77M 5s
 17150K .......... .......... .......... .......... .......... 63% 24,3M 5s
 17200K .......... .......... .......... .......... .......... 63% 37,0M 5s
 17250K .......... .......... .......... .......... .......... 64% 31,7M 5s
 17300K .......... .......... .......... .......... .......... 64% 38,9M 5s
 17350K .......... .......... .......... .......... .......... 64% 33,1M 5s
 17400K .......... .......... .......... .......... .......... 64% 24,6M 5s
 17450K .......... .......... .......... .......... .......... 64% 20,6M 5s
 17500K .......... .......... .......... .......... .......... 65% 33,6M 5s
 17550K .......... .......... .......... .......... .......... 65% 34,7M 5s
 17600K .......... .......... .......... .......... .......... 65% 24,4M 5s
 17650K .......... .......... .......... .......... .......... 65% 32,4M 5s
 17700K .......... .......... .......... .......... .......... 65%  312K 5s
 17750K .......... .......... .......... .......... .......... 65% 1,80M 5s
 17800K .......... .......... .......... .......... .......... 66% 13,0M 5s
 17850K .......... .......... .......... .......... .......... 66% 25,1M 5s
 17900K .......... .......... .......... .......... .......... 66% 26,1M 5s
 17950K .......... .......... .......... .......... .......... 66% 28,2M 5s
 18000K .......... .......... .......... .......... .......... 66% 33,5M 5s
 18050K .......... .......... .......... .......... .......... 67% 33,4M 5s
 18100K .......... .......... .......... .......... .......... 67% 29,0M 5s
 18150K .......... .......... .......... .......... .......... 67% 29,6M 5s
 18200K .......... .......... .......... .......... .......... 67% 17,5M 5s
 18250K .......... .......... .......... .......... .......... 67% 24,0M 5s
 18300K .......... .......... .......... .......... .......... 68% 64,7M 4s
 18350K .......... .......... .......... .......... .......... 68% 73,1M 4s
 18400K .......... .......... .......... .......... .......... 68%  272K 4s
 18450K .......... .......... .......... .......... .......... 68% 25,6M 4s
 18500K .......... .......... .......... .......... .......... 68% 5,44M 4s
 18550K .......... .......... .......... .......... .......... 68% 11,6M 4s
 18600K .......... .......... .......... .......... .......... 69% 33,1M 4s
 18650K .......... .......... .......... .......... .......... 69% 33,5M 4s
 18700K .......... .......... .......... .......... .......... 69% 28,6M 4s
 18750K .......... .......... .......... .......... .......... 69% 40,2M 4s
 18800K .......... .......... .......... .......... .......... 69% 38,6M 4s
 18850K .......... .......... .......... .......... .......... 70% 27,7M 4s
 18900K .......... .......... .......... .......... .......... 70% 29,6M 4s
 18950K .......... .......... .......... .......... .......... 70% 29,8M 4s
 19000K .......... .......... .......... .......... .......... 70% 40,2M 4s
 19050K .......... .......... .......... .......... .......... 70% 43,6M 4s
 19100K .......... .......... .......... .......... .......... 70%  299K 4s
 19150K .......... .......... .......... .......... .......... 71% 33,8M 4s
 19200K .......... .......... .......... .......... .......... 71% 3,25M 4s
 19250K .......... .......... .......... .......... .......... 71% 31,5M 4s
 19300K .......... .......... .......... .......... .......... 71% 11,5M 4s
 19350K .......... .......... .......... .......... .......... 71% 10,6M 4s
 19400K .......... .......... .......... .......... .......... 72% 26,5M 4s
 19450K .......... .......... .......... .......... .......... 72% 16,3M 4s
 19500K .......... .......... .......... .......... .......... 72% 9,98M 4s
 19550K .......... .......... .......... .......... .......... 72% 29,9M 4s
 19600K .......... .......... .......... .......... .......... 72% 18,9M 4s
 19650K .......... .......... .......... .......... .......... 73% 14,7M 4s
 19700K .......... .......... .......... .......... .......... 73% 22,3M 4s
 19750K .......... .......... .......... .......... .......... 73% 28,8M 4s
 19800K .......... .......... .......... .......... .......... 73%  464K 4s
 19850K .......... .......... .......... .......... .......... 73% 1,01M 4s
 19900K .......... .......... .......... .......... .......... 73% 16,9M 4s
 19950K .......... .......... .......... .......... .......... 74% 6,15M 4s
 20000K .......... .......... .......... .......... .......... 74% 38,8M 3s
 20050K .......... .......... .......... .......... .......... 74% 35,5M 3s
 20100K .......... .......... .......... .......... .......... 74% 7,46M 3s
 20150K .......... .......... .......... .......... .......... 74% 7,37M 3s
 20200K .......... .......... .......... .......... .......... 75% 31,8M 3s
 20250K .......... .......... .......... .......... .......... 75% 23,0M 3s
 20300K .......... .......... .......... .......... .......... 75% 31,9M 3s
 20350K .......... .......... .......... .......... .......... 75% 30,8M 3s
 20400K .......... .......... .......... .......... .......... 75% 20,8M 3s
 20450K .......... .......... .......... .......... .......... 75% 36,5M 3s
 20500K .......... .......... .......... .......... .......... 76% 23,8M 3s
 20550K .......... .......... .......... .......... .......... 76%  438K 3s
 20600K .......... .......... .......... .......... .......... 76% 1,08M 3s
 20650K .......... .......... .......... .......... .......... 76% 25,9M 3s
 20700K .......... .......... .......... .......... .......... 76% 8,80M 3s
 20750K .......... .......... .......... .......... .......... 77% 33,2M 3s
 20800K .......... .......... .......... .......... .......... 77% 39,1M 3s
 20850K .......... .......... .......... .......... .......... 77% 5,05M 3s
 20900K .......... .......... .......... .......... .......... 77% 10,3M 3s
 20950K .......... .......... .......... .......... .......... 77% 28,4M 3s
 21000K .......... .......... .......... .......... .......... 78% 36,1M 3s
 21050K .......... .......... .......... .......... .......... 78% 31,2M 3s
 21100K .......... .......... .......... .......... .......... 78% 25,1M 3s
 21150K .......... .......... .......... .......... .......... 78% 38,3M 3s
 21200K .......... .......... .......... .......... .......... 78% 30,8M 3s
 21250K .......... .......... .......... .......... .......... 78% 11,5M 3s
 21300K .......... .......... .......... .......... .......... 79% 33,7M 3s
 21350K .......... .......... .......... .......... .......... 79%  331K 3s
 21400K .......... .......... .......... .......... .......... 79% 4,71M 3s
 21450K .......... .......... .......... .......... .......... 79% 38,2M 3s
 21500K .......... .......... .......... .......... .......... 79% 6,11M 3s
 21550K .......... .......... .......... .......... .......... 80% 32,4M 3s
 21600K .......... .......... .......... .......... .......... 80% 25,7M 3s
 21650K .......... .......... .......... .......... .......... 80% 11,1M 3s
 21700K .......... .......... .......... .......... .......... 80% 5,87M 3s
 21750K .......... .......... .......... .......... .......... 80% 22,0M 2s
 21800K .......... .......... .......... .......... .......... 80% 31,2M 2s
 21850K .......... .......... .......... .......... .......... 81% 26,2M 2s
 21900K .......... .......... .......... .......... .......... 81% 33,4M 2s
 21950K .......... .......... .......... .......... .......... 81% 28,7M 2s
 22000K .......... .......... .......... .......... .......... 81% 15,0M 2s
 22050K .......... .......... .......... .......... .......... 81% 42,4M 2s
 22100K .......... .......... .......... .......... .......... 82% 37,5M 2s
 22150K .......... .......... .......... .......... .......... 82%  338K 2s
 22200K .......... .......... .......... .......... .......... 82% 3,85M 2s
 22250K .......... .......... .......... .......... .......... 82% 7,34M 2s
 22300K .......... .......... .......... .......... .......... 82% 18,8M 2s
 22350K .......... .......... .......... .......... .......... 83% 10,4M 2s
 22400K .......... .......... .......... .......... .......... 83% 18,6M 2s
 22450K .......... .......... .......... .......... .......... 83% 41,2M 2s
 22500K .......... .......... .......... .......... .......... 83% 18,2M 2s
 22550K .......... .......... .......... .......... .......... 83% 4,86M 2s
 22600K .......... .......... .......... .......... .......... 83% 24,0M 2s
 22650K .......... .......... .......... .......... .......... 84% 45,3M 2s
 22700K .......... .......... .......... .......... .......... 84% 35,7M 2s
 22750K .......... .......... .......... .......... .......... 84% 18,6M 2s
 22800K .......... .......... .......... .......... .......... 84% 32,0M 2s
 22850K .......... .......... .......... .......... .......... 84% 29,9M 2s
 22900K .......... .......... .......... .......... .......... 85% 33,8M 2s
 22950K .......... .......... .......... .......... .......... 85%  471K 2s
 23000K .......... .......... .......... .......... .......... 85% 1,27M 2s
 23050K .......... .......... .......... .......... .......... 85% 3,98M 2s
 23100K .......... .......... .......... .......... .......... 85% 35,6M 2s
 23150K .......... .......... .......... .......... .......... 85% 6,83M 2s
 23200K .......... .......... .......... .......... .......... 86% 27,5M 2s
 23250K .......... .......... .......... .......... .......... 86% 29,7M 2s
 23300K .......... .......... .......... .......... .......... 86% 42,6M 2s
 23350K .......... .......... .......... .......... .......... 86% 5,07M 2s
 23400K .......... .......... .......... .......... .......... 86% 5,41M 2s
 23450K .......... .......... .......... .......... .......... 87% 28,5M 2s
 23500K .......... .......... .......... .......... .......... 87% 31,4M 2s
 23550K .......... .......... .......... .......... .......... 87% 15,7M 2s
 23600K .......... .......... .......... .......... .......... 87% 25,4M 2s
 23650K .......... .......... .......... .......... .......... 87% 27,0M 2s
 23700K .......... .......... .......... .......... .......... 88% 25,3M 1s
 23750K .......... .......... .......... .......... .......... 88% 31,5M 1s
 23800K .......... .......... .......... .......... .......... 88% 25,2M 1s
 23850K .......... .......... .......... .......... .......... 88%  367K 1s
 23900K .......... .......... .......... .......... .......... 88% 3,58M 1s
 23950K .......... .......... .......... .......... .......... 88% 41,8M 1s
 24000K .......... .......... .......... .......... .......... 89% 40,0M 1s
 24050K .......... .......... .......... .......... .......... 89% 11,2M 1s
 24100K .......... .......... .......... .......... .......... 89% 14,9M 1s
 24150K .......... .......... .......... .......... .......... 89% 12,1M 1s
 24200K .......... .......... .......... .......... .......... 89% 15,1M 1s
 24250K .......... .......... .......... .......... .......... 90% 3,76M 1s
 24300K .......... .......... .......... .......... .......... 90% 26,3M 1s
 24350K .......... .......... .......... .......... .......... 90% 33,3M 1s
 24400K .......... .......... .......... .......... .......... 90% 8,73M 1s
 24450K .......... .......... .......... .......... .......... 90% 35,1M 1s
 24500K .......... .......... .......... .......... .......... 90% 29,1M 1s
 24550K .......... .......... .......... .......... .......... 91% 27,8M 1s
 24600K .......... .......... .......... .......... .......... 91% 33,6M 1s
 24650K .......... .......... .......... .......... .......... 91% 23,3M 1s
 24700K .......... .......... .......... .......... .......... 91%  479K 1s
 24750K .......... .......... .......... .......... .......... 91% 1,42M 1s
 24800K .......... .......... .......... .......... .......... 92% 11,3M 1s
 24850K .......... .......... .......... .......... .......... 92% 34,4M 1s
 24900K .......... .......... .......... .......... .......... 92% 32,0M 1s
 24950K .......... .......... .......... .......... .......... 92% 3,25M 1s
 25000K .......... .......... .......... .......... .......... 92% 21,2M 1s
 25050K .......... .......... .......... .......... .......... 93% 23,8M 1s
 25100K .......... .......... .......... .......... .......... 93% 17,8M 1s
 25150K .......... .......... .......... .......... .......... 93% 4,58M 1s
 25200K .......... .......... .......... .......... .......... 93% 27,2M 1s
 25250K .......... .......... .......... .......... .......... 93% 37,7M 1s
 25300K .......... .......... .......... .......... .......... 93% 6,46M 1s
 25350K .......... .......... .......... .......... .......... 94% 35,4M 1s
 25400K .......... .......... .......... .......... .......... 94% 7,93M 1s
 25450K .......... .......... .......... .......... .......... 94% 10,2M 1s
 25500K .......... .......... .......... .......... .......... 94% 27,8M 1s
 25550K .......... .......... .......... .......... .......... 94% 41,4M 1s
 25600K .......... .......... .......... .......... .......... 95% 46,8M 1s
 25650K .......... .......... .......... .......... .......... 95%  539K 1s
 25700K .......... .......... .......... .......... .......... 95% 1,19M 1s
 25750K .......... .......... .......... .......... .......... 95% 11,5M 1s
 25800K .......... .......... .......... .......... .......... 95% 17,1M 1s
 25850K .......... .......... .......... .......... .......... 96% 4,21M 0s
 25900K .......... .......... .......... .......... .......... 96% 26,6M 0s
 25950K .......... .......... .......... .......... .......... 96% 27,1M 0s
 26000K .......... .......... .......... .......... .......... 96% 38,1M 0s
 26050K .......... .......... .......... .......... .......... 96% 4,91M 0s
 26100K .......... .......... .......... .......... .......... 96% 25,5M 0s
 26150K .......... .......... .......... .......... .......... 97% 30,9M 0s
 26200K .......... .......... .......... .......... .......... 97% 23,3M 0s
 26250K .......... .......... .......... .......... .......... 97% 2,67M 0s
 26300K .......... .......... .......... .......... .......... 97% 26,0M 0s
 26350K .......... .......... .......... .......... .......... 97% 30,5M 0s
 26400K .......... .......... .......... .......... .......... 98% 24,4M 0s
 26450K .......... .......... .......... .......... .......... 98% 28,7M 0s
 26500K .......... .......... .......... .......... .......... 98% 39,6M 0s
 26550K .......... .......... .......... .......... .......... 98% 35,1M 0s
 26600K .......... .......... .......... .......... .......... 98%  563K 0s
 26650K .......... .......... .......... .......... .......... 98% 1,17M 0s
 26700K .......... .......... .......... .......... .......... 99% 16,4M 0s
 26750K .......... .......... .......... .......... .......... 99% 22,3M 0s
 26800K .......... .......... .......... .......... .......... 99% 18,1M 0s
 26850K .......... .......... .......... .......... .......... 99% 6,57M 0s
 26900K .......... .......... .......... .......... .......... 99% 29,8M 0s
 26950K .......... .......... ........                        100% 31,9M=12s

2026-07-22 09:30:57 (2,26 MB/s) - ‘NNPDF23_lo_as_0130_qed.tar.gz’ guardado [27625668/27625668]

--2026-07-22 09:30:57--  http://lhapdfsets.web.cern.ch/lhapdfsets/current/NNPDF23_nlo_as_0119_qed.tar.gz
Resolviendo lhapdfsets.web.cern.ch (lhapdfsets.web.cern.ch)... 2001:1458:d00:39::100:130, 2001:1458:d00:2c::100:32c, 2001:1458:d00:17::100:9e, ...
Conectando con lhapdfsets.web.cern.ch (lhapdfsets.web.cern.ch)[2001:1458:d00:39::100:130]:80... conectado.
Petición HTTP enviada, esperando respuesta... 302 Found
Ubicación: https://lhapdfsets.web.cern.ch/lhapdfsets/current/NNPDF23_nlo_as_0119_qed.tar.gz [siguiente]
--2026-07-22 09:30:58--  https://lhapdfsets.web.cern.ch/lhapdfsets/current/NNPDF23_nlo_as_0119_qed.tar.gz
Conectando con lhapdfsets.web.cern.ch (lhapdfsets.web.cern.ch)[2001:1458:d00:39::100:130]:443... conectado.
Petición HTTP enviada, esperando respuesta... 302 Found
Ubicación: https://lhapdfsets.web.cern.ch/current/NNPDF23_nlo_as_0119_qed.tar.gz [siguiente]
--2026-07-22 09:30:59--  https://lhapdfsets.web.cern.ch/current/NNPDF23_nlo_as_0119_qed.tar.gz
Reutilizando la conexión existente a [lhapdfsets.web.cern.ch]:443.
Petición HTTP enviada, esperando respuesta... 200 OK
Longitud: 28541160 (27M) [application/x-gzip]
Guardando como: ‘NNPDF23_nlo_as_0119_qed.tar.gz’

     0K .......... .......... .......... .......... ..........  0%  129K 3m37s
    50K .......... .......... .......... .......... ..........  0%  259K 2m42s
   100K .......... .......... .......... .......... ..........  0%  258K 2m23s
   150K .......... .......... .......... .......... ..........  0% 24,3M 1m48s
   200K .......... .......... .......... .......... ..........  0%  241K 1m49s
   250K .......... .......... .......... .......... ..........  1% 24,2M 91s
   300K .......... .......... .......... .......... ..........  1% 28,7M 78s
   350K .......... .......... .......... .......... ..........  1%  282K 80s
   400K .......... .......... .......... .......... ..........  1% 35,3M 71s
   450K .......... .......... .......... .......... ..........  1% 41,0M 64s
   500K .......... .......... .......... .......... ..........  1% 35,5M 58s
   550K .......... .......... .......... .......... ..........  2% 35,7M 53s
   600K .......... .......... .......... .......... ..........  2% 9,39M 49s
   650K .......... .......... .......... .......... ..........  2% 34,2M 46s
   700K .......... .......... .......... .......... ..........  2%  278K 49s
   750K .......... .......... .......... .......... ..........  2% 10,3M 46s
   800K .......... .......... .......... .......... ..........  3% 27,2M 43s
   850K .......... .......... .......... .......... ..........  3% 32,9M 41s
   900K .......... .......... .......... .......... ..........  3% 15,6M 39s
   950K .......... .......... .......... .......... ..........  3% 21,0M 37s
  1000K .......... .......... .......... .......... ..........  3% 28,8M 35s
  1050K .......... .......... .......... .......... ..........  3% 27,2M 33s
  1100K .......... .......... .......... .......... ..........  4% 33,3M 32s
  1150K .......... .......... .......... .......... ..........  4% 26,0M 31s
  1200K .......... .......... .......... .......... ..........  4% 29,6M 29s
  1250K .......... .......... .......... .......... ..........  4% 31,5M 28s
  1300K .......... .......... .......... .......... ..........  4% 46,3M 27s
  1350K .......... .......... .......... .......... ..........  5%  306K 29s
  1400K .......... .......... .......... .......... ..........  5% 31,1M 28s
  1450K .......... .......... .......... .......... ..........  5% 6,91M 27s
  1500K .......... .......... .......... .......... ..........  5% 24,0M 26s
  1550K .......... .......... .......... .......... ..........  5% 38,6M 26s
  1600K .......... .......... .......... .......... ..........  5% 6,42M 25s
  1650K .......... .......... .......... .......... ..........  6% 40,8M 24s
  1700K .......... .......... .......... .......... ..........  6% 22,0M 23s
  1750K .......... .......... .......... .......... ..........  6% 9,14M 23s
  1800K .......... .......... .......... .......... ..........  6% 47,0M 22s
  1850K .......... .......... .......... .......... ..........  6% 37,6M 22s
  1900K .......... .......... .......... .......... ..........  6% 46,8M 21s
  1950K .......... .......... .......... .......... ..........  7% 40,8M 20s
  2000K .......... .......... .......... .......... ..........  7% 32,9M 20s
  2050K .......... .......... .......... .......... ..........  7% 18,4M 19s
  2100K .......... .......... .......... .......... ..........  7% 22,6M 19s
  2150K .......... .......... .......... .......... ..........  7% 26,2M 19s
  2200K .......... .......... .......... .......... ..........  8% 31,3M 18s
  2250K .......... .......... .......... .......... ..........  8% 31,0M 18s
  2300K .......... .......... .......... .......... ..........  8% 27,3M 17s
  2350K .......... .......... .......... .......... ..........  8% 21,3M 17s
  2400K .......... .......... .......... .......... ..........  8% 30,0M 17s
  2450K .......... .......... .......... .......... ..........  8% 29,4M 16s
  2500K .......... .......... .......... .......... ..........  9% 22,1M 16s
  2550K .......... .......... .......... .......... ..........  9% 29,7M 16s
  2600K .......... .......... .......... .......... ..........  9% 18,7M 15s
  2650K .......... .......... .......... .......... ..........  9% 34,1M 15s
  2700K .......... .......... .......... .......... ..........  9% 28,0M 15s
  2750K .......... .......... .......... .......... .......... 10%  392K 16s
  2800K .......... .......... .......... .......... .......... 10% 20,4M 15s
  2850K .......... .......... .......... .......... .......... 10% 5,97M 15s
  2900K .......... .......... .......... .......... .......... 10% 27,5M 15s
  2950K .......... .......... .......... .......... .......... 10% 13,8M 15s
  3000K .......... .......... .......... .......... .......... 10% 26,0M 14s
  3050K .......... .......... .......... .......... .......... 11% 25,1M 14s
  3100K .......... .......... .......... .......... .......... 11% 27,5M 14s
  3150K .......... .......... .......... .......... .......... 11% 24,2M 14s
  3200K .......... .......... .......... .......... .......... 11% 33,7M 13s
  3250K .......... .......... .......... .......... .......... 11% 30,1M 13s
  3300K .......... .......... .......... .......... .......... 12% 20,6M 13s
  3350K .......... .......... .......... .......... .......... 12% 23,5M 13s
  3400K .......... .......... .......... .......... .......... 12% 29,2M 13s
  3450K .......... .......... .......... .......... .......... 12% 2,28M 12s
  3500K .......... .......... .......... .......... .......... 12% 27,5M 12s
  3550K .......... .......... .......... .......... .......... 12% 35,8M 12s
  3600K .......... .......... .......... .......... .......... 13% 32,1M 12s
  3650K .......... .......... .......... .......... .......... 13% 6,06M 12s
  3700K .......... .......... .......... .......... .......... 13% 36,1M 12s
  3750K .......... .......... .......... .......... .......... 13% 26,2M 11s
  3800K .......... .......... .......... .......... .......... 13% 18,4M 11s
  3850K .......... .......... .......... .......... .......... 13% 24,0M 11s
  3900K .......... .......... .......... .......... .......... 14% 33,2M 11s
  3950K .......... .......... .......... .......... .......... 14% 33,0M 11s
  4000K .......... .......... .......... .......... .......... 14% 16,9M 11s
  4050K .......... .......... .......... .......... .......... 14% 32,7M 11s
  4100K .......... .......... .......... .......... .......... 14% 25,5M 10s
  4150K .......... .......... .......... .......... .......... 15% 23,1M 10s
  4200K .......... .......... .......... .......... .......... 15% 21,1M 10s
  4250K .......... .......... .......... .......... .......... 15% 24,9M 10s
  4300K .......... .......... .......... .......... .......... 15% 24,0M 10s
  4350K .......... .......... .......... .......... .......... 15% 24,2M 10s
  4400K .......... .......... .......... .......... .......... 15% 19,4M 10s
  4450K .......... .......... .......... .......... .......... 16% 18,5M 10s
  4500K .......... .......... .......... .......... .......... 16% 24,4M 9s
  4550K .......... .......... .......... .......... .......... 16% 25,3M 9s
  4600K .......... .......... .......... .......... .......... 16% 26,2M 9s
  4650K .......... .......... .......... .......... .......... 16% 29,3M 9s
  4700K .......... .......... .......... .......... .......... 17% 50,5M 9s
  4750K .......... .......... .......... .......... .......... 17% 46,8M 9s
  4800K .......... .......... .......... .......... .......... 17% 36,1M 9s
  4850K .......... .......... .......... .......... .......... 17% 46,6M 9s
  4900K .......... .......... .......... .......... .......... 17% 46,8M 9s
  4950K .......... .......... .......... .......... .......... 17% 49,1M 8s
  5000K .......... .......... .......... .......... .......... 18% 53,7M 8s
  5050K .......... .......... .......... .......... .......... 18% 64,6M 8s
  5100K .......... .......... .......... .......... .......... 18% 56,3M 8s
  5150K .......... .......... .......... .......... .......... 18% 51,0M 8s
  5200K .......... .......... .......... .......... .......... 18% 66,4M 8s
  5250K .......... .......... .......... .......... .......... 19% 64,6M 8s
  5300K .......... .......... .......... .......... .......... 19% 89,8M 8s
  5350K .......... .......... .......... .......... .......... 19% 72,1M 8s
  5400K .......... .......... .......... .......... .......... 19% 70,8M 8s
  5450K .......... .......... .......... .......... .......... 19% 95,9M 8s
  5500K .......... .......... .......... .......... .......... 19% 92,8M 7s
  5550K .......... .......... .......... .......... .......... 20%  724K 8s
  5600K .......... .......... .......... .......... .......... 20% 27,7M 8s
  5650K .......... .......... .......... .......... .......... 20% 46,3M 8s
  5700K .......... .......... .......... .......... .......... 20% 7,49M 7s
  5750K .......... .......... .......... .......... .......... 20% 36,9M 7s
  5800K .......... .......... .......... .......... .......... 20% 52,6M 7s
  5850K .......... .......... .......... .......... .......... 21% 37,5M 7s
  5900K .......... .......... .......... .......... .......... 21% 20,5M 7s
  5950K .......... .......... .......... .......... .......... 21% 29,5M 7s
  6000K .......... .......... .......... .......... .......... 21% 41,9M 7s
  6050K .......... .......... .......... .......... .......... 21% 27,7M 7s
  6100K .......... .......... .......... .......... .......... 22% 5,82M 7s
  6150K .......... .......... .......... .......... .......... 22% 45,8M 7s
  6200K .......... .......... .......... .......... .......... 22% 53,4M 7s
  6250K .......... .......... .......... .......... .......... 22% 56,9M 7s
  6300K .......... .......... .......... .......... .......... 22% 15,9M 7s
  6350K .......... .......... .......... .......... .......... 22% 39,3M 7s
  6400K .......... .......... .......... .......... .......... 23% 50,7M 7s
  6450K .......... .......... .......... .......... .......... 23% 43,2M 6s
  6500K .......... .......... .......... .......... .......... 23% 45,6M 6s
  6550K .......... .......... .......... .......... .......... 23% 39,7M 6s
  6600K .......... .......... .......... .......... .......... 23% 37,5M 6s
  6650K .......... .......... .......... .......... .......... 24% 35,5M 6s
  6700K .......... .......... .......... .......... .......... 24%  740K 6s
  6750K .......... .......... .......... .......... .......... 24% 38,4M 6s
  6800K .......... .......... .......... .......... .......... 24% 33,7M 6s
  6850K .......... .......... .......... .......... .......... 24% 18,6M 6s
  6900K .......... .......... .......... .......... .......... 24% 21,6M 6s
  6950K .......... .......... .......... .......... .......... 25% 52,5M 6s
  7000K .......... .......... .......... .......... .......... 25% 44,8M 6s
  7050K .......... .......... .......... .......... .......... 25% 30,8M 6s
  7100K .......... .......... .......... .......... .......... 25% 41,3M 6s
  7150K .......... .......... .......... .......... .......... 25% 50,9M 6s
  7200K .......... .......... .......... .......... .......... 26% 49,8M 6s
  7250K .......... .......... .......... .......... .......... 26% 46,8M 6s
  7300K .......... .......... .......... .......... .......... 26% 43,8M 6s
  7350K .......... .......... .......... .......... .......... 26% 46,3M 6s
  7400K .......... .......... .......... .......... .......... 26% 47,2M 6s
  7450K .......... .......... .......... .......... .......... 26% 46,3M 6s
  7500K .......... .......... .......... .......... .......... 27% 61,9M 6s
  7550K .......... .......... .......... .......... .......... 27% 43,8M 5s
  7600K .......... .......... .......... .......... .......... 27% 59,8M 5s
  7650K .......... .......... .......... .......... .......... 27% 59,9M 5s
  7700K .......... .......... .......... .......... .......... 27% 62,2M 5s
  7750K .......... .......... .......... .......... .......... 27% 62,8M 5s
  7800K .......... .......... .......... .......... .......... 28% 55,9M 5s
  7850K .......... .......... .......... .......... .......... 28% 32,5M 5s
  7900K .......... .......... .......... .......... .......... 28% 40,8M 5s
  7950K .......... .......... .......... .......... .......... 28% 36,2M 5s
  8000K .......... .......... .......... .......... .......... 28% 43,1M 5s
  8050K .......... .......... .......... .......... .......... 29% 37,8M 5s
  8100K .......... .......... .......... .......... .......... 29% 54,2M 5s
  8150K .......... .......... .......... .......... .......... 29% 42,6M 5s
  8200K .......... .......... .......... .......... .......... 29% 46,5M 5s
  8250K .......... .......... .......... .......... .......... 29% 38,2M 5s
  8300K .......... .......... .......... .......... .......... 29% 29,2M 5s
  8350K .......... .......... .......... .......... .......... 30% 39,1M 5s
  8400K .......... .......... .......... .......... .......... 30% 53,0M 5s
  8450K .......... .......... .......... .......... .......... 30% 14,2M 5s
  8500K .......... .......... .......... .......... .......... 30% 40,4M 5s
  8550K .......... .......... .......... .......... .......... 30% 61,2M 5s
  8600K .......... .......... .......... .......... .......... 31% 15,4M 5s
  8650K .......... .......... .......... .......... .......... 31% 44,4M 5s
  8700K .......... .......... .......... .......... .......... 31% 50,9M 5s
  8750K .......... .......... .......... .......... .......... 31% 47,2M 5s
  8800K .......... .......... .......... .......... .......... 31% 16,5M 4s
  8850K .......... .......... .......... .......... .......... 31% 14,1M 4s
  8900K .......... .......... .......... .......... .......... 32% 6,85M 4s
  8950K .......... .......... .......... .......... .......... 32% 8,34M 4s
  9000K .......... .......... .......... .......... .......... 32% 40,0M 4s
  9050K .......... .......... .......... .......... .......... 32% 60,0M 4s
  9100K .......... .......... .......... .......... .......... 32% 58,5M 4s
  9150K .......... .......... .......... .......... .......... 33% 19,2M 4s
  9200K .......... .......... .......... .......... .......... 33% 37,0M 4s
  9250K .......... .......... .......... .......... .......... 33% 36,4M 4s
  9300K .......... .......... .......... .......... .......... 33% 40,8M 4s
  9350K .......... .......... .......... .......... .......... 33% 32,0M 4s
  9400K .......... .......... .......... .......... .......... 33% 43,1M 4s
  9450K .......... .......... .......... .......... .......... 34% 43,0M 4s
  9500K .......... .......... .......... .......... .......... 34% 39,0M 4s
  9550K .......... .......... .......... .......... .......... 34%  375K 4s
  9600K .......... .......... .......... .......... .......... 34% 35,3M 4s
  9650K .......... .......... .......... .......... .......... 34% 42,8M 4s
  9700K .......... .......... .......... .......... .......... 34% 30,9M 4s
  9750K .......... .......... .......... .......... .......... 35% 25,9M 4s
  9800K .......... .......... .......... .......... .......... 35% 31,9M 4s
  9850K .......... .......... .......... .......... .......... 35% 27,8M 4s
  9900K .......... .......... .......... .......... .......... 35% 26,6M 4s
  9950K .......... .......... .......... .......... .......... 35% 29,2M 4s
 10000K .......... .......... .......... .......... .......... 36%  121K 5s
 10050K .......... .......... .......... .......... .......... 36% 32,0M 5s
 10100K .......... .......... .......... .......... .......... 36% 23,7M 5s
 10150K .......... .......... .......... .......... .......... 36% 25,9M 5s
 10200K .......... .......... .......... .......... .......... 36% 31,6M 5s
 10250K .......... .......... .......... .......... .......... 36% 23,7M 5s
 10300K .......... .......... .......... .......... .......... 37% 32,2M 5s
 10350K .......... .......... .......... .......... .......... 37% 36,7M 5s
 10400K .......... .......... .......... .......... .......... 37% 43,1M 4s
 10450K .......... .......... .......... .......... .......... 37% 31,2M 4s
 10500K .......... .......... .......... .......... .......... 37% 27,5M 4s
 10550K .......... .......... .......... .......... .......... 38% 37,8M 4s
 10600K .......... .......... .......... .......... .......... 38% 38,8M 4s
 10650K .......... .......... .......... .......... .......... 38% 30,3M 4s
 10700K .......... .......... .......... .......... .......... 38% 34,3M 4s
 10750K .......... .......... .......... .......... .......... 38% 43,8M 4s
 10800K .......... .......... .......... .......... .......... 38% 46,1M 4s
 10850K .......... .......... .......... .......... .......... 39% 46,9M 4s
 10900K .......... .......... .......... .......... .......... 39% 32,5M 4s
 10950K .......... .......... .......... .......... .......... 39% 46,0M 4s
 11000K .......... .......... .......... .......... .......... 39% 42,8M 4s
 11050K .......... .......... .......... .......... .......... 39% 33,4M 4s
 11100K .......... .......... .......... .......... .......... 40% 31,7M 4s
 11150K .......... .......... .......... .......... .......... 40% 31,9M 4s
 11200K .......... .......... .......... .......... .......... 40% 33,2M 4s
 11250K .......... .......... .......... .......... .......... 40% 25,1M 4s
 11300K .......... .......... .......... .......... .......... 40% 40,5M 4s
 11350K .......... .......... .......... .......... .......... 40% 47,2M 4s
 11400K .......... .......... .......... .......... .......... 41% 37,0M 4s
 11450K .......... .......... .......... .......... .......... 41% 29,4M 4s
 11500K .......... .......... .......... .......... .......... 41% 31,6M 4s
 11550K .......... .......... .......... .......... .......... 41% 32,5M 4s
 11600K .......... .......... .......... .......... .......... 41% 33,3M 4s
 11650K .......... .......... .......... .......... .......... 41% 21,1M 4s
 11700K .......... .......... .......... .......... .......... 42% 28,4M 4s
 11750K .......... .......... .......... .......... .......... 42% 21,5M 4s
 11800K .......... .......... .......... .......... .......... 42% 26,6M 4s
 11850K .......... .......... .......... .......... .......... 42% 35,2M 4s
 11900K .......... .......... .......... .......... .......... 42% 45,8M 4s
 11950K .......... .......... .......... .......... .......... 43% 30,1M 4s
 12000K .......... .......... .......... .......... .......... 43% 46,9M 4s
 12050K .......... .......... .......... .......... .......... 43% 26,9M 4s
 12100K .......... .......... .......... .......... .......... 43% 27,4M 4s
 12150K .......... .......... .......... .......... .......... 43% 33,9M 4s
 12200K .......... .......... .......... .......... .......... 43% 36,3M 4s
 12250K .......... .......... .......... .......... .......... 44% 42,4M 3s
 12300K .......... .......... .......... .......... .......... 44% 34,7M 3s
 12350K .......... .......... .......... .......... .......... 44% 42,2M 3s
 12400K .......... .......... .......... .......... .......... 44% 34,1M 3s
 12450K .......... .......... .......... .......... .......... 44% 30,3M 3s
 12500K .......... .......... .......... .......... .......... 45% 34,6M 3s
 12550K .......... .......... .......... .......... .......... 45% 42,1M 3s
 12600K .......... .......... .......... .......... .......... 45% 47,3M 3s
 12650K .......... .......... .......... .......... .......... 45% 43,0M 3s
 12700K .......... .......... .......... .......... .......... 45% 40,9M 3s
 12750K .......... .......... .......... .......... .......... 45% 37,9M 3s
 12800K .......... .......... .......... .......... .......... 46% 36,9M 3s
 12850K .......... .......... .......... .......... .......... 46% 66,6M 3s
 12900K .......... .......... .......... .......... .......... 46% 48,0M 3s
 12950K .......... .......... .......... .......... .......... 46% 57,7M 3s
 13000K .......... .......... .......... .......... .......... 46% 72,7M 3s
 13050K .......... .......... .......... .......... .......... 47% 74,8M 3s
 13100K .......... .......... .......... .......... .......... 47% 79,7M 3s
 13150K .......... .......... .......... .......... .......... 47% 58,5M 3s
 13200K .......... .......... .......... .......... .......... 47% 74,5M 3s
 13250K .......... .......... .......... .......... .......... 47% 78,4M 3s
 13300K .......... .......... .......... .......... .......... 47% 73,4M 3s
 13350K .......... .......... .......... .......... .......... 48% 59,3M 3s
 13400K .......... .......... .......... .......... .......... 48% 84,6M 3s
 13450K .......... .......... .......... .......... .......... 48% 89,2M 3s
 13500K .......... .......... .......... .......... .......... 48%  103M 3s
 13550K .......... .......... .......... .......... .......... 48% 77,6M 3s
 13600K .......... .......... .......... .......... .......... 48%  107M 3s
 13650K .......... .......... .......... .......... .......... 49% 98,1M 3s
 13700K .......... .......... .......... .......... .......... 49% 80,3M 3s
 13750K .......... .......... .......... .......... .......... 49% 82,0M 3s
 13800K .......... .......... .......... .......... .......... 49% 68,9M 3s
 13850K .......... .......... .......... .......... .......... 49% 92,6M 3s
 13900K .......... .......... .......... .......... .......... 50%  100M 3s
 13950K .......... .......... .......... .......... .......... 50% 78,3M 3s
 14000K .......... .......... .......... .......... .......... 50%  107M 3s
 14050K .......... .......... .......... .......... .......... 50%  106M 3s
 14100K .......... .......... .......... .......... .......... 50% 81,3M 3s
 14150K .......... .......... .......... .......... .......... 50% 80,8M 3s
 14200K .......... .......... .......... .......... .......... 51%  538K 3s
 14250K .......... .......... .......... .......... .......... 51% 39,8M 3s
 14300K .......... .......... .......... .......... .......... 51% 33,4M 3s
 14350K .......... .......... .......... .......... .......... 51% 44,3M 3s
 14400K .......... .......... .......... .......... .......... 51% 35,5M 3s
 14450K .......... .......... .......... .......... .......... 52% 16,0M 3s
 14500K .......... .......... .......... .......... .......... 52% 36,1M 3s
 14550K .......... .......... .......... .......... .......... 52% 30,0M 3s
 14600K .......... .......... .......... .......... .......... 52% 33,3M 3s
 14650K .......... .......... .......... .......... .......... 52% 33,8M 3s
 14700K .......... .......... .......... .......... .......... 52% 27,4M 3s
 14750K .......... .......... .......... .......... .......... 53% 43,1M 3s
 14800K .......... .......... .......... .......... .......... 53% 43,8M 3s
 14850K .......... .......... .......... .......... .......... 53% 41,0M 3s
 14900K .......... .......... .......... .......... .......... 53% 39,3M 3s
 14950K .......... .......... .......... .......... .......... 53% 32,3M 2s
 15000K .......... .......... .......... .......... .......... 53% 33,0M 2s
 15050K .......... .......... .......... .......... .......... 54% 36,7M 2s
 15100K .......... .......... .......... .......... .......... 54% 29,1M 2s
 15150K .......... .......... .......... .......... .......... 54% 29,9M 2s
 15200K .......... .......... .......... .......... .......... 54% 37,2M 2s
 15250K .......... .......... .......... .......... .......... 54% 35,0M 2s
 15300K .......... .......... .......... .......... .......... 55% 28,2M 2s
 15350K .......... .......... .......... .......... .......... 55% 30,1M 2s
 15400K .......... .......... .......... .......... .......... 55% 34,0M 2s
 15450K .......... .......... .......... .......... .......... 55% 21,4M 2s
 15500K .......... .......... .......... .......... .......... 55% 27,2M 2s
 15550K .......... .......... .......... .......... .......... 55% 30,8M 2s
 15600K .......... .......... .......... .......... .......... 56% 36,5M 2s
 15650K .......... .......... .......... .......... .......... 56% 29,7M 2s
 15700K .......... .......... .......... .......... .......... 56% 38,9M 2s
 15750K .......... .......... .......... .......... .......... 56% 43,5M 2s
 15800K .......... .......... .......... .......... .......... 56% 29,1M 2s
 15850K .......... .......... .......... .......... .......... 57% 28,6M 2s
 15900K .......... .......... .......... .......... .......... 57% 30,3M 2s
 15950K .......... .......... .......... .......... .......... 57% 26,8M 2s
 16000K .......... .......... .......... .......... .......... 57% 30,3M 2s
 16050K .......... .......... .......... .......... .......... 57% 21,7M 2s
 16100K .......... .......... .......... .......... .......... 57% 29,3M 2s
 16150K .......... .......... .......... .......... .......... 58% 31,6M 2s
 16200K .......... .......... .......... .......... .......... 58% 21,1M 2s
 16250K .......... .......... .......... .......... .......... 58% 27,6M 2s
 16300K .......... .......... .......... .......... .......... 58% 28,8M 2s
 16350K .......... .......... .......... .......... .......... 58% 35,3M 2s
 16400K .......... .......... .......... .......... .......... 59% 28,6M 2s
 16450K .......... .......... .......... .......... .......... 59% 30,5M 2s
 16500K .......... .......... .......... .......... .......... 59% 28,5M 2s
 16550K .......... .......... .......... .......... .......... 59% 28,8M 2s
 16600K .......... .......... .......... .......... .......... 59% 21,3M 2s
 16650K .......... .......... .......... .......... .......... 59% 31,0M 2s
 16700K .......... .......... .......... .......... .......... 60% 27,4M 2s
 16750K .......... .......... .......... .......... .......... 60% 25,2M 2s
 16800K .......... .......... .......... .......... .......... 60% 24,8M 2s
 16850K .......... .......... .......... .......... .......... 60% 29,6M 2s
 16900K .......... .......... .......... .......... .......... 60% 27,2M 2s
 16950K .......... .......... .......... .......... .......... 60% 27,6M 2s
 17000K .......... .......... .......... .......... .......... 61% 21,5M 2s
 17050K .......... .......... .......... .......... .......... 61% 28,3M 2s
 17100K .......... .......... .......... .......... .......... 61% 27,0M 2s
 17150K .......... .......... .......... .......... .......... 61% 30,2M 2s
 17200K .......... .......... .......... .......... .......... 61% 51,3M 2s
 17250K .......... .......... .......... .......... .......... 62% 55,2M 2s
 17300K .......... .......... .......... .......... .......... 62% 48,7M 2s
 17350K .......... .......... .......... .......... .......... 62% 37,2M 2s
 17400K .......... .......... .......... .......... .......... 62% 61,3M 2s
 17450K .......... .......... .......... .......... .......... 62% 70,5M 2s
 17500K .......... .......... .......... .......... .......... 62% 67,6M 2s
 17550K .......... .......... .......... .......... .......... 63% 67,5M 2s
 17600K .......... .......... .......... .......... .......... 63% 71,8M 2s
 17650K .......... .......... .......... .......... .......... 63% 57,0M 2s
 17700K .......... .......... .......... .......... .......... 63% 88,8M 2s
 17750K .......... .......... .......... .......... .......... 63% 56,1M 2s
 17800K .......... .......... .......... .......... .......... 64% 74,1M 2s
 17850K .......... .......... .......... .......... .......... 64% 97,5M 2s
 17900K .......... .......... .......... .......... .......... 64% 78,2M 2s
 17950K .......... .......... .......... .......... .......... 64% 95,3M 2s
 18000K .......... .......... .......... .......... .......... 64%  106M 2s
 18050K .......... .......... .......... .......... .......... 64%  104M 2s
 18100K .......... .......... .......... .......... .......... 65%  108M 2s
 18150K .......... .......... .......... .......... .......... 65%  142K 2s
 18200K .......... .......... .......... .......... .......... 65% 57,3M 2s
 18250K .......... .......... .......... .......... .......... 65% 51,6M 2s
 18300K .......... .......... .......... .......... .......... 65% 54,6M 2s
 18350K .......... .......... .......... .......... .......... 66% 59,1M 2s
 18400K .......... .......... .......... .......... .......... 66% 60,7M 2s
 18450K .......... .......... .......... .......... .......... 66% 61,0M 2s
 18500K .......... .......... .......... .......... .......... 66% 35,5M 2s
 18550K .......... .......... .......... .......... .......... 66% 42,7M 2s
 18600K .......... .......... .......... .......... .......... 66% 53,4M 2s
 18650K .......... .......... .......... .......... .......... 67% 53,3M 2s
 18700K .......... .......... .......... .......... .......... 67% 61,2M 2s
 18750K .......... .......... .......... .......... .......... 67% 54,3M 2s
 18800K .......... .......... .......... .......... .......... 67% 40,3M 2s
 18850K .......... .......... .......... .......... .......... 67% 47,8M 2s
 18900K .......... .......... .......... .......... .......... 67% 46,5M 2s
 18950K .......... .......... .......... .......... .......... 68% 60,8M 2s
 19000K .......... .......... .......... .......... .......... 68% 51,0M 2s
 19050K .......... .......... .......... .......... .......... 68% 30,2M 2s
 19100K .......... .......... .......... .......... .......... 68% 43,8M 2s
 19150K .......... .......... .......... .......... .......... 68% 49,8M 2s
 19200K .......... .......... .......... .......... .......... 69% 59,6M 2s
 19250K .......... .......... .......... .......... .......... 69% 46,4M 1s
 19300K .......... .......... .......... .......... .......... 69% 60,9M 1s
 19350K .......... .......... .......... .......... .......... 69% 52,9M 1s
 19400K .......... .......... .......... .......... .......... 69% 61,5M 1s
 19450K .......... .......... .......... .......... .......... 69% 63,3M 1s
 19500K .......... .......... .......... .......... .......... 70% 60,9M 1s
 19550K .......... .......... .......... .......... .......... 70% 59,7M 1s
 19600K .......... .......... .......... .......... .......... 70% 49,0M 1s
 19650K .......... .......... .......... .......... .......... 70% 32,8M 1s
 19700K .......... .......... .......... .......... .......... 70% 47,8M 1s
 19750K .......... .......... .......... .......... .......... 71% 62,9M 1s
 19800K .......... .......... .......... .......... .......... 71% 60,4M 1s
 19850K .......... .......... .......... .......... .......... 71% 62,3M 1s
 19900K .......... .......... .......... .......... .......... 71% 46,9M 1s
 19950K .......... .......... .......... .......... .......... 71% 50,3M 1s
 20000K .......... .......... .......... .......... .......... 71% 55,0M 1s
 20050K .......... .......... .......... .......... .......... 72% 42,3M 1s
 20100K .......... .......... .......... .......... .......... 72% 49,3M 1s
 20150K .......... .......... .......... .......... .......... 72% 40,9M 1s
 20200K .......... .......... .......... .......... .......... 72% 43,4M 1s
 20250K .......... .......... .......... .......... .......... 72% 50,4M 1s
 20300K .......... .......... .......... .......... .......... 73% 55,6M 1s
 20350K .......... .......... .......... .......... .......... 73% 52,9M 1s
 20400K .......... .......... .......... .......... .......... 73% 45,1M 1s
 20450K .......... .......... .......... .......... .......... 73% 41,6M 1s
 20500K .......... .......... .......... .......... .......... 73% 59,1M 1s
 20550K .......... .......... .......... .......... .......... 73% 61,0M 1s
 20600K .......... .......... .......... .......... .......... 74% 56,5M 1s
 20650K .......... .......... .......... .......... .......... 74% 72,5M 1s
 20700K .......... .......... .......... .......... .......... 74% 77,8M 1s
 20750K .......... .......... .......... .......... .......... 74% 86,3M 1s
 20800K .......... .......... .......... .......... .......... 74% 52,9M 1s
 20850K .......... .......... .......... .......... .......... 74% 78,2M 1s
 20900K .......... .......... .......... .......... .......... 75% 86,1M 1s
 20950K .......... .......... .......... .......... .......... 75% 91,9M 1s
 21000K .......... .......... .......... .......... .......... 75% 89,1M 1s
 21050K .......... .......... .......... .......... .......... 75% 91,8M 1s
 21100K .......... .......... .......... .......... .......... 75% 88,6M 1s
 21150K .......... .......... .......... .......... .......... 76% 86,9M 1s
 21200K .......... .......... .......... .......... .......... 76% 62,6M 1s
 21250K .......... .......... .......... .......... .......... 76% 70,0M 1s
 21300K .......... .......... .......... .......... .......... 76% 90,7M 1s
 21350K .......... .......... .......... .......... .......... 76%  111M 1s
 21400K .......... .......... .......... .......... .......... 76%  115M 1s
 21450K .......... .......... .......... .......... .......... 77%  114M 1s
 21500K .......... .......... .......... .......... .......... 77%  122M 1s
 21550K .......... .......... .......... .......... .......... 77% 80,8M 1s
 21600K .......... .......... .......... .......... .......... 77% 85,9M 1s
 21650K .......... .......... .......... .......... .......... 77% 78,8M 1s
 21700K .......... .......... .......... .......... .......... 78% 82,2M 1s
 21750K .......... .......... .......... .......... .......... 78%  100M 1s
 21800K .......... .......... .......... .......... .......... 78% 87,6M 1s
 21850K .......... .......... .......... .......... .......... 78% 94,9M 1s
 21900K .......... .......... .......... .......... .......... 78% 82,8M 1s
 21950K .......... .......... .......... .......... .......... 78% 62,9M 1s
 22000K .......... .......... .......... .......... .......... 79% 79,1M 1s
 22050K .......... .......... .......... .......... .......... 79%  127M 1s
 22100K .......... .......... .......... .......... .......... 79%  376K 1s
 22150K .......... .......... .......... .......... .......... 79% 5,97M 1s
 22200K .......... .......... .......... .......... .......... 79% 19,8M 1s
 22250K .......... .......... .......... .......... .......... 80% 12,6M 1s
 22300K .......... .......... .......... .......... .......... 80% 10,2M 1s
 22350K .......... .......... .......... .......... .......... 80% 24,7M 1s
 22400K .......... .......... .......... .......... .......... 80% 14,9M 1s
 22450K .......... .......... .......... .......... .......... 80% 24,8M 1s
 22500K .......... .......... .......... .......... .......... 80% 22,5M 1s
 22550K .......... .......... .......... .......... .......... 81% 23,8M 1s
 22600K .......... .......... .......... .......... .......... 81% 19,6M 1s
 22650K .......... .......... .......... .......... .......... 81% 22,4M 1s
 22700K .......... .......... .......... .......... .......... 81% 19,2M 1s
 22750K .......... .......... .......... .......... .......... 81% 21,7M 1s
 22800K .......... .......... .......... .......... .......... 81% 23,7M 1s
 22850K .......... .......... .......... .......... .......... 82% 19,1M 1s
 22900K .......... .......... .......... .......... .......... 82% 18,9M 1s
 22950K .......... .......... .......... .......... .......... 82% 19,0M 1s
 23000K .......... .......... .......... .......... .......... 82% 26,1M 1s
 23050K .......... .......... .......... .......... .......... 82% 26,7M 1s
 23100K .......... .......... .......... .......... .......... 83% 19,9M 1s
 23150K .......... .......... .......... .......... .......... 83% 29,0M 1s
 23200K .......... .......... .......... .......... .......... 83% 30,6M 1s
 23250K .......... .......... .......... .......... .......... 83% 27,3M 1s
 23300K .......... .......... .......... .......... .......... 83% 29,5M 1s
 23350K .......... .......... .......... .......... .......... 83% 33,1M 1s
 23400K .......... .......... .......... .......... .......... 84% 35,4M 1s
 23450K .......... .......... .......... .......... .......... 84% 35,8M 1s
 23500K .......... .......... .......... .......... .......... 84% 47,8M 1s
 23550K .......... .......... .......... .......... .......... 84% 48,9M 1s
 23600K .......... .......... .......... .......... .......... 84% 47,7M 1s
 23650K .......... .......... .......... .......... .......... 85% 41,8M 1s
 23700K .......... .......... .......... .......... .......... 85% 49,5M 1s
 23750K .......... .......... .......... .......... .......... 85% 60,7M 1s
 23800K .......... .......... .......... .......... .......... 85% 65,4M 1s
 23850K .......... .......... .......... .......... .......... 85% 60,4M 1s
 23900K .......... .......... .......... .......... .......... 85% 64,2M 1s
 23950K .......... .......... .......... .......... .......... 86% 61,3M 1s
 24000K .......... .......... .......... .......... .......... 86% 74,3M 1s
 24050K .......... .......... .......... .......... .......... 86% 87,9M 1s
 24100K .......... .......... .......... .......... .......... 86% 78,5M 1s
 24150K .......... .......... .......... .......... .......... 86% 74,0M 1s
 24200K .......... .......... .......... .......... .......... 87% 76,3M 1s
 24250K .......... .......... .......... .......... .......... 87% 56,5M 1s
 24300K .......... .......... .......... .......... .......... 87% 66,5M 1s
 24350K .......... .......... .......... .......... .......... 87% 70,0M 1s
 24400K .......... .......... .......... .......... .......... 87% 83,5M 1s
 24450K .......... .......... .......... .......... .......... 87% 97,4M 0s
 24500K .......... .......... .......... .......... .......... 88% 86,2M 0s
 24550K .......... .......... .......... .......... .......... 88% 87,4M 0s
 24600K .......... .......... .......... .......... .......... 88% 70,3M 0s
 24650K .......... .......... .......... .......... .......... 88% 82,1M 0s
 24700K .......... .......... .......... .......... .......... 88% 80,2M 0s
 24750K .......... .......... .......... .......... .......... 88% 83,2M 0s
 24800K .......... .......... .......... .......... .......... 89% 74,4M 0s
 24850K .......... .......... .......... .......... .......... 89%  136M 0s
 24900K .......... .......... .......... .......... .......... 89%  105M 0s
 24950K .......... .......... .......... .......... .......... 89% 97,3M 0s
 25000K .......... .......... .......... .......... .......... 89% 71,2M 0s
 25050K .......... .......... .......... .......... .......... 90%  116M 0s
 25100K .......... .......... .......... .......... .......... 90%  136M 0s
 25150K .......... .......... .......... .......... .......... 90%  129M 0s
 25200K .......... .......... .......... .......... .......... 90%  139M 0s
 25250K .......... .......... .......... .......... .......... 90%  141M 0s
 25300K .......... .......... .......... .......... .......... 90%  162M 0s
 25350K .......... .......... .......... .......... .......... 91%  128M 0s
 25400K .......... .......... .......... .......... .......... 91%  141M 0s
 25450K .......... .......... .......... .......... .......... 91%  106M 0s
 25500K .......... .......... .......... .......... .......... 91%  115M 0s
 25550K .......... .......... .......... .......... .......... 91%  110M 0s
 25600K .......... .......... .......... .......... .......... 92%  134M 0s
 25650K .......... .......... .......... .......... .......... 92%  153M 0s
 25700K .......... .......... .......... .......... .......... 92%  166M 0s
 25750K .......... .......... .......... .......... .......... 92%  117M 0s
 25800K .......... .......... .......... .......... .......... 92%  153M 0s
 25850K .......... .......... .......... .......... .......... 92%  163M 0s
 25900K .......... .......... .......... .......... .......... 93%  165M 0s
 25950K .......... .......... .......... .......... .......... 93% 69,1M 0s
 26000K .......... .......... .......... .......... .......... 93%  334K 0s
 26050K .......... .......... .......... .......... .......... 93% 26,0M 0s
 26100K .......... .......... .......... .......... .......... 93% 33,7M 0s
 26150K .......... .......... .......... .......... .......... 94% 29,0M 0s
 26200K .......... .......... .......... .......... .......... 94% 44,0M 0s
 26250K .......... .......... .......... .......... .......... 94% 32,3M 0s
 26300K .......... .......... .......... .......... .......... 94% 20,2M 0s
 26350K .......... .......... .......... .......... .......... 94% 33,5M 0s
 26400K .......... .......... .......... .......... .......... 94% 30,0M 0s
 26450K .......... .......... .......... .......... .......... 95% 30,5M 0s
 26500K .......... .......... .......... .......... .......... 95% 25,2M 0s
 26550K .......... .......... .......... .......... .......... 95% 28,4M 0s
 26600K .......... .......... .......... .......... .......... 95% 28,7M 0s
 26650K .......... .......... .......... .......... .......... 95% 30,2M 0s
 26700K .......... .......... .......... .......... .......... 95% 30,2M 0s
 26750K .......... .......... .......... .......... .......... 96% 29,2M 0s
 26800K .......... .......... .......... .......... .......... 96% 30,8M 0s
 26850K .......... .......... .......... .......... .......... 96% 20,8M 0s
 26900K .......... .......... .......... .......... .......... 96% 17,4M 0s
 26950K .......... .......... .......... .......... .......... 96% 19,5M 0s
 27000K .......... .......... .......... .......... .......... 97% 23,7M 0s
 27050K .......... .......... .......... .......... .......... 97% 27,9M 0s
 27100K .......... .......... .......... .......... .......... 97% 29,5M 0s
 27150K .......... .......... .......... .......... .......... 97% 40,3M 0s
 27200K .......... .......... .......... .......... .......... 97% 40,0M 0s
 27250K .......... .......... .......... .......... .......... 97% 11,2M 0s
 27300K .......... .......... .......... .......... .......... 98% 24,2M 0s
 27350K .......... .......... .......... .......... .......... 98% 19,5M 0s
 27400K .......... .......... .......... .......... .......... 98% 30,4M 0s
 27450K .......... .......... .......... .......... .......... 98% 25,2M 0s
 27500K .......... .......... .......... .......... .......... 98% 32,3M 0s
 27550K .......... .......... .......... .......... .......... 99% 32,2M 0s
 27600K .......... .......... .......... .......... .......... 99% 36,4M 0s
 27650K .......... .......... .......... .......... .......... 99% 27,1M 0s
 27700K .......... .......... .......... .......... .......... 99% 44,4M 0s
 27750K .......... .......... .......... .......... .......... 99% 33,5M 0s
 27800K .......... .......... .......... .......... .......... 99% 10,7M 0s
 27850K .......... .......... ..                              100% 33,7M=3,8s

2026-07-22 09:31:03 (7,07 MB/s) - ‘NNPDF23_nlo_as_0119_qed.tar.gz’ guardado [28541160/28541160]

 Finished LHAPDF6 installation
lhapdf
lhapdf-config
